# Authorized DragonRise ammo supply station geometry
# Converted for the independent WOK Infantry block
mtllib large_ammo_supply_station.mtl
o large_ammo_supply_station
usemtl station
g bb_main_north
v -0.42968736 0.93750000 0.04988125
v 0.42968764 0.93750000 0.04988125
v 0.42968764 0.37500000 0.04988125
v -0.42968736 0.37500000 0.04988125
vt 0.31640625 0.60937500
vt 0.25781250 0.60937500
vt 0.25781250 0.57421875
vt 0.31640625 0.57421875
f 1/1 2/2 3/3 4/4
g bb_main_east
v 0.42968764 0.93750000 0.04988125
v 0.42968764 0.93750000 1.48738125
v 0.42968764 0.37500000 1.48738125
v 0.42968764 0.37500000 0.04988125
vt 0.44921875 0.79296875
vt 0.35937500 0.79296875
vt 0.35937500 0.75781250
vt 0.44921875 0.75781250
f 5/5 6/6 7/7 8/8
g bb_main_south
v 0.42968764 0.93750000 1.48738125
v -0.42968736 0.93750000 1.48738125
v -0.42968736 0.37500000 1.48738125
v 0.42968764 0.37500000 1.48738125
vt 0.45312500 0.72265625
vt 0.39453125 0.72265625
vt 0.39453125 0.68750000
vt 0.45312500 0.68750000
f 9/9 10/10 11/11 12/12
g bb_main_west
v -0.42968736 0.93750000 1.48738125
v -0.42968736 0.93750000 0.04988125
v -0.42968736 0.37500000 0.04988125
v -0.42968736 0.37500000 1.48738125
vt 0.44921875 0.75781250
vt 0.35937500 0.75781250
vt 0.35937500 0.72265625
vt 0.44921875 0.72265625
f 13/13 14/14 15/15 16/16
g bb_main_up
v -0.42968736 0.93750000 1.48738125
v 0.42968764 0.93750000 1.48738125
v 0.42968764 0.93750000 0.04988125
v -0.42968736 0.93750000 0.04988125
vt 0.39453125 0.70703125
vt 0.33593750 0.70703125
vt 0.33593750 0.61718750
vt 0.39453125 0.61718750
f 17/17 18/18 19/19 20/20
g bb_main_down
v -0.42968736 0.37500000 0.04988125
v 0.42968764 0.37500000 0.04988125
v 0.42968764 0.37500000 1.48738125
v -0.42968736 0.37500000 1.48738125
vt 0.39843750 0.79296875
vt 0.33984375 0.79296875
vt 0.33984375 0.88281250
vt 0.39843750 0.88281250
f 21/21 22/22 23/23 24/24
g bone5_east
v 1.50781264 1.79687500 0.11238125
v 1.50781264 1.79687500 0.23738125
v 1.50781264 0.23437500 0.23738125
v 1.50781264 0.23437500 0.11238125
vt 0.19921875 0.51562500
vt 0.19140625 0.51562500
vt 0.19140625 0.40625000
vt 0.19921875 0.40625000
f 25/25 26/26 27/27 28/28
g bone5_west
v -0.50781236 1.79687500 0.23738125
v -0.50781236 1.79687500 0.11238125
v -0.50781236 0.23437500 0.11238125
v -0.50781236 0.23437500 0.23738125
vt 0.20703125 0.51562500
vt 0.19921875 0.51562500
vt 0.19921875 0.40625000
vt 0.20703125 0.40625000
f 29/29 30/30 31/31 32/32
g bone5_up
v -0.50781236 1.79687500 0.23738125
v 1.50781264 1.79687500 0.23738125
v 1.50781264 1.79687500 0.11238125
v -0.50781236 1.79687500 0.11238125
vt 0.59375000 0.97656250
vt 0.46875000 0.97656250
vt 0.46875000 0.96875000
vt 0.59375000 0.96875000
f 33/33 34/34 35/35 36/36
g bone5_down
v -0.50781236 0.23437500 0.11238125
v 1.50781264 0.23437500 0.11238125
v 1.50781264 0.23437500 0.23738125
v -0.50781236 0.23437500 0.23738125
vt 0.59375000 0.96093750
vt 0.46875000 0.96093750
vt 0.46875000 0.96875000
vt 0.59375000 0.96875000
f 37/37 38/38 39/39 40/40
g bone5_east
v 1.46875014 0.63281250 1.53425625
v 1.46875014 0.75781250 1.53425625
v -0.45312486 0.75781250 1.53425625
v -0.45312486 0.63281250 1.53425625
vt 0.33593750 0.55078125
vt 0.32812500 0.55078125
vt 0.32812500 0.42968750
vt 0.33593750 0.42968750
f 41/41 42/42 43/43 44/44
g bone5_up
v 1.46875014 0.75781250 -0.24699375
v 1.46875014 0.75781250 1.53425625
v 1.46875014 0.63281250 1.53425625
v 1.46875014 0.63281250 -0.24699375
vt 0.58203125 0.75390625
vt 0.46875000 0.75390625
vt 0.46875000 0.74609375
vt 0.58203125 0.74609375
f 45/45 46/46 47/47 48/48
g bone5_down
v -0.45312486 0.63281250 -0.24699375
v -0.45312486 0.63281250 1.53425625
v -0.45312486 0.75781250 1.53425625
v -0.45312486 0.75781250 -0.24699375
vt 0.58203125 0.73828125
vt 0.46875000 0.73828125
vt 0.46875000 0.74609375
vt 0.58203125 0.74609375
f 49/49 50/50 51/51 52/52
g bone5_up
v 1.46875058 0.63281250 -0.24699385
v 1.18148845 0.63281250 -0.53425598
v 1.18148845 0.75781250 -0.53425598
v 1.46875058 0.75781250 -0.24699385
vt 0.62500000 0.91796875
vt 0.59765625 0.91796875
vt 0.59765625 0.91015625
vt 0.62500000 0.91015625
f 53/53 54/54 55/55 56/56
g bone5_east
v 1.50781264 1.79687500 0.79988125
v 1.50781264 1.79687500 0.92488125
v 1.50781264 0.23437500 0.92488125
v 1.50781264 0.23437500 0.79988125
vt 0.48828125 0.69140625
vt 0.48046875 0.69140625
vt 0.48046875 0.58203125
vt 0.48828125 0.58203125
f 57/57 58/58 59/59 60/60
g bone5_west
v -0.50781236 1.79687500 0.92488125
v -0.50781236 1.79687500 0.79988125
v -0.50781236 0.23437500 0.79988125
v -0.50781236 0.23437500 0.92488125
vt 0.48828125 0.58203125
vt 0.48046875 0.58203125
vt 0.48046875 0.47265625
vt 0.48828125 0.47265625
f 61/61 62/62 63/63 64/64
g bone5_up
v -0.50781236 1.79687500 0.92488125
v 1.50781264 1.79687500 0.92488125
v 1.50781264 1.79687500 0.79988125
v -0.50781236 1.79687500 0.79988125
vt 0.59375000 0.99218750
vt 0.46875000 0.99218750
vt 0.46875000 0.98437500
vt 0.59375000 0.98437500
f 65/65 66/66 67/67 68/68
g bone5_down
v -0.50781236 0.23437500 0.79988125
v 1.50781264 0.23437500 0.79988125
v 1.50781264 0.23437500 0.92488125
v -0.50781236 0.23437500 0.92488125
vt 0.59375000 0.97656250
vt 0.46875000 0.97656250
vt 0.46875000 0.98437500
vt 0.59375000 0.98437500
f 69/69 70/70 71/71 72/72
g bone5_east
v 1.46875014 1.38281250 1.47175625
v 1.46875014 1.50781250 1.47175625
v -0.40624986 1.50781250 1.47175625
v -0.40624986 1.38281250 1.47175625
vt 0.10546875 0.54296875
vt 0.09765625 0.54296875
vt 0.09765625 0.42578125
vt 0.10546875 0.42578125
f 73/73 74/74 75/75 76/76
g bone5_west
v 1.46875014 1.50781250 -0.49699375
v 1.46875014 1.38281250 -0.49699375
v -0.40624986 1.38281250 -0.49699375
v -0.40624986 1.50781250 -0.49699375
vt 0.17578125 0.53515625
vt 0.16796875 0.53515625
vt 0.16796875 0.41796875
vt 0.17578125 0.41796875
f 77/77 78/78 79/79 80/80
g bone5_up
v 1.46875014 1.50781250 -0.49699375
v 1.46875014 1.50781250 1.47175625
v 1.46875014 1.38281250 1.47175625
v 1.46875014 1.38281250 -0.49699375
vt 0.58984375 0.83984375
vt 0.46484375 0.83984375
vt 0.46484375 0.83203125
vt 0.58984375 0.83203125
f 81/81 82/82 83/83 84/84
g bone5_down
v -0.40624986 1.38281250 -0.49699375
v -0.40624986 1.38281250 1.47175625
v -0.40624986 1.50781250 1.47175625
v -0.40624986 1.50781250 -0.49699375
vt 0.58984375 0.82421875
vt 0.46484375 0.82421875
vt 0.46484375 0.83203125
vt 0.58984375 0.83203125
f 85/85 86/86 87/87 88/88
g bone5_up
v 1.50765041 1.79687492 0.11254375
v 1.13199993 2.17252539 0.11254375
v 1.13199993 2.17252539 0.23754375
v 1.50765041 1.79687492 0.23754375
vt 0.39453125 0.72265625
vt 0.35937500 0.72265625
vt 0.35937500 0.71484375
vt 0.39453125 0.71484375
f 89/89 90/90 91/91 92/92
v -0.13228674 2.17265063 0.23766875
v 1.13212451 2.17265063 0.23766875
v 1.13212451 2.17265063 0.11225625
v -0.13228674 2.17265063 0.11225625
vt 0.56640625 0.87890625
vt 0.48828125 0.87890625
vt 0.48828125 0.87109375
vt 0.56640625 0.87109375
f 93/93 94/94 95/95 96/96
v 0.92968764 2.17252563 1.12719312
v 0.92968764 2.17252563 -0.13696812
v 0.80452514 2.17252563 -0.13696812
v 0.80452514 2.17252563 1.12719312
vt 0.56640625 0.86328125
vt 0.48828125 0.86328125
vt 0.48828125 0.85546875
vt 0.56640625 0.85546875
f 97/97 98/98 99/99 100/100
v -0.13228674 2.17265063 0.92516875
v 1.13212451 2.17265063 0.92516875
v 1.13212451 2.17265063 0.79975625
v -0.13228674 2.17265063 0.79975625
vt 0.56640625 0.87109375
vt 0.48828125 0.87109375
vt 0.48828125 0.86328125
vt 0.56640625 0.86328125
f 101/101 102/102 103/103 104/104
v 1.50765041 1.79687492 0.80004375
v 1.13199993 2.17252539 0.80004375
v 1.13199993 2.17252539 0.92504375
v 1.50765041 1.79687492 0.92504375
vt 0.39453125 0.71484375
vt 0.35937500 0.71484375
vt 0.35937500 0.70703125
vt 0.39453125 0.70703125
f 105/105 106/106 107/107 108/108
v 0.24218764 2.17252563 1.12719312
v 0.24218764 2.17252563 -0.13696812
v 0.11702514 2.17252563 -0.13696812
v 0.11702514 2.17252563 1.12719312
vt 0.62500000 0.94531250
vt 0.54687500 0.94531250
vt 0.54687500 0.93750000
vt 0.62500000 0.93750000
f 109/109 110/110 111/111 112/112
v 0.11702514 2.17252539 1.12719304
v 0.11702514 1.79687492 1.50284352
v 0.24202514 1.79687492 1.50284352
v 0.24202514 2.17252539 1.12719304
vt 0.62109375 0.95312500
vt 0.58593750 0.95312500
vt 0.58593750 0.94531250
vt 0.62109375 0.94531250
f 113/113 114/114 115/115 116/116
v 0.80452514 2.17252539 1.12719304
v 0.80452514 1.79687492 1.50284352
v 0.92952514 1.79687492 1.50284352
v 0.92952514 2.17252539 1.12719304
vt 0.62109375 0.96093750
vt 0.58593750 0.96093750
vt 0.58593750 0.95312500
vt 0.62109375 0.95312500
f 117/117 118/118 119/119 120/120
v 0.11718764 1.79687492 -0.51261852
v 0.11718764 2.17252539 -0.13696804
v 0.24218764 2.17252539 -0.13696804
v 0.24218764 1.79687492 -0.51261852
vt 0.62890625 0.79296875
vt 0.59375000 0.79296875
vt 0.59375000 0.78515625
vt 0.62890625 0.78515625
f 121/121 122/122 123/123 124/124
g bone5_east
v 0.24218764 1.79687500 1.50300625
v 0.11718764 1.79687500 1.50300625
v 0.11718764 0.23437500 1.50300625
v 0.24218764 0.23437500 1.50300625
vt 0.18359375 0.53515625
vt 0.17578125 0.53515625
vt 0.17578125 0.42578125
vt 0.18359375 0.42578125
f 125/125 126/126 127/127 128/128
g bone5_west
v 0.11718764 1.79687500 -0.51261875
v 0.24218764 1.79687500 -0.51261875
v 0.24218764 0.23437500 -0.51261875
v 0.11718764 0.23437500 -0.51261875
vt 0.19140625 0.53515625
vt 0.18359375 0.53515625
vt 0.18359375 0.42578125
vt 0.19140625 0.42578125
f 129/129 130/130 131/131 132/132
g bone5_up
v 0.11718764 1.79687500 -0.51261875
v 0.11718764 1.79687500 1.50300625
v 0.24218764 1.79687500 1.50300625
v 0.24218764 1.79687500 -0.51261875
vt 0.58984375 0.82421875
vt 0.46484375 0.82421875
vt 0.46484375 0.81640625
vt 0.58984375 0.81640625
f 133/133 134/134 135/135 136/136
g bone5_down
v 0.24218764 0.23437500 -0.51261875
v 0.24218764 0.23437500 1.50300625
v 0.11718764 0.23437500 1.50300625
v 0.11718764 0.23437500 -0.51261875
vt 0.58984375 0.80859375
vt 0.46484375 0.80859375
vt 0.46484375 0.81640625
vt 0.58984375 0.81640625
f 137/137 138/138 139/139 140/140
g bone5_up
v 0.80468764 1.79687492 -0.51261852
v 0.80468764 2.17252539 -0.13696804
v 0.92968764 2.17252539 -0.13696804
v 0.92968764 1.79687492 -0.51261852
vt 0.62890625 0.80078125
vt 0.59375000 0.80078125
vt 0.59375000 0.79296875
vt 0.62890625 0.79296875
f 141/141 142/142 143/143 144/144
g bone5_east
v 0.92968764 1.79687500 1.50300625
v 0.80468764 1.79687500 1.50300625
v 0.80468764 0.23437500 1.50300625
v 0.92968764 0.23437500 1.50300625
vt 0.48046875 0.69140625
vt 0.47265625 0.69140625
vt 0.47265625 0.58203125
vt 0.48046875 0.58203125
f 145/145 146/146 147/147 148/148
g bone5_west
v 0.80468764 1.79687500 -0.51261875
v 0.92968764 1.79687500 -0.51261875
v 0.92968764 0.23437500 -0.51261875
v 0.80468764 0.23437500 -0.51261875
vt 0.48046875 0.58203125
vt 0.47265625 0.58203125
vt 0.47265625 0.47265625
vt 0.48046875 0.47265625
f 149/149 150/150 151/151 152/152
g bone5_up
v 0.80468764 1.79687500 -0.51261875
v 0.80468764 1.79687500 1.50300625
v 0.92968764 1.79687500 1.50300625
v 0.92968764 1.79687500 -0.51261875
vt 0.58984375 0.80859375
vt 0.46484375 0.80859375
vt 0.46484375 0.80078125
vt 0.58984375 0.80078125
f 153/153 154/154 155/155 156/156
g bone5_down
v 0.92968764 0.23437500 -0.51261875
v 0.92968764 0.23437500 1.50300625
v 0.80468764 0.23437500 1.50300625
v 0.80468764 0.23437500 -0.51261875
vt 0.59375000 0.99218750
vt 0.46875000 0.99218750
vt 0.46875000 1.00000000
vt 0.59375000 1.00000000
f 157/157 158/158 159/159 160/160
g bone5_up
v -0.16586255 0.63281250 -0.53425598
v -0.45312468 0.63281250 -0.24699385
v -0.45312468 0.75781250 -0.24699385
v -0.16586255 0.75781250 -0.53425598
vt 0.62500000 0.91015625
vt 0.59765625 0.91015625
vt 0.59765625 0.90234375
vt 0.62500000 0.90234375
f 161/161 162/162 163/163 164/164
v -0.13216216 2.17252539 0.79988125
v -0.50781264 1.79687492 0.79988125
v -0.50781264 1.79687492 0.92488125
v -0.13216216 2.17252539 0.92488125
vt 0.43359375 0.80078125
vt 0.39843750 0.80078125
vt 0.39843750 0.79296875
vt 0.43359375 0.79296875
f 165/165 166/166 167/167 168/168
v -0.13216216 2.17252539 0.11238125
v -0.50781264 1.79687492 0.11238125
v -0.50781264 1.79687492 0.23738125
v -0.13216216 2.17252539 0.23738125
vt 0.58203125 0.77734375
vt 0.54687500 0.77734375
vt 0.54687500 0.76953125
vt 0.58203125 0.76953125
f 169/169 170/170 171/171 172/172
g bone5_west
v -0.16586236 0.63281250 -0.53425625
v -0.16586236 0.75781250 -0.53425625
v 1.18148826 0.75781250 -0.53425625
v 1.18148826 0.63281250 -0.53425625
vt 0.16015625 0.50390625
vt 0.15234375 0.50390625
vt 0.15234375 0.41796875
vt 0.16015625 0.41796875
f 173/173 174/174 175/175 176/176
g bone4_north
v -0.49823299 0.37500000 -0.49699375
v 1.50176701 0.37500000 -0.49699375
v 1.50176701 0.25000000 -0.49699375
v -0.49823299 0.25000000 -0.49699375
vt 0.57812500 0.70703125
vt 0.45312500 0.70703125
vt 0.45312500 0.69921875
vt 0.57812500 0.69921875
f 177/177 178/178 179/179 180/180
g bone4_east
v 1.50176701 0.37500000 -0.49699375
v 1.50176701 0.37500000 1.48738125
v 1.50176701 0.25000000 1.48738125
v 1.50176701 0.25000000 -0.49699375
vt 0.57812500 0.69921875
vt 0.45312500 0.69921875
vt 0.45312500 0.69140625
vt 0.57812500 0.69140625
f 181/181 182/182 183/183 184/184
g bone4_south
v 1.50176701 0.37500000 1.48738125
v -0.49823299 0.37500000 1.48738125
v -0.49823299 0.25000000 1.48738125
v 1.50176701 0.25000000 1.48738125
vt 0.58984375 0.85546875
vt 0.46484375 0.85546875
vt 0.46484375 0.84765625
vt 0.58984375 0.84765625
f 185/185 186/186 187/187 188/188
g bone4_west
v -0.49823299 0.37500000 1.48738125
v -0.49823299 0.37500000 -0.49699375
v -0.49823299 0.25000000 -0.49699375
v -0.49823299 0.25000000 1.48738125
vt 0.58984375 0.84765625
vt 0.46484375 0.84765625
vt 0.46484375 0.83984375
vt 0.58984375 0.83984375
f 189/189 190/190 191/191 192/192
g bone4_up
v -0.49823299 0.37500000 1.48738125
v 1.50176701 0.37500000 1.48738125
v 1.50176701 0.37500000 -0.49699375
v -0.49823299 0.37500000 -0.49699375
vt 0.25000000 1.00000000
vt 0.12500000 1.00000000
vt 0.12500000 0.87500000
vt 0.25000000 0.87500000
f 193/193 194/194 195/195 196/196
g bone4_down
v -0.49823299 0.25000000 -0.49699375
v 1.50176701 0.25000000 -0.49699375
v 1.50176701 0.25000000 1.48738125
v -0.49823299 0.25000000 1.48738125
vt 0.25000000 0.75000000
vt 0.12500000 0.75000000
vt 0.12500000 0.87500000
vt 0.25000000 0.87500000
f 197/197 198/198 199/199 200/200
g bone4_north
v -0.49823299 0.12500000 -0.49699375
v 1.50176701 0.12500000 -0.49699375
v 1.50176701 0.00000000 -0.49699375
v -0.49823299 0.00000000 -0.49699375
vt 0.45312500 0.70703125
vt 0.57812500 0.70703125
vt 0.57812500 0.69921875
vt 0.45312500 0.69921875
f 201/201 202/202 203/203 204/204
g bone4_east
v 1.50176701 0.12500000 -0.49699375
v 1.50176701 0.12500000 1.48738125
v 1.50176701 0.00000000 1.48738125
v 1.50176701 0.00000000 -0.49699375
vt 0.46484375 0.84765625
vt 0.58984375 0.84765625
vt 0.58984375 0.83984375
vt 0.46484375 0.83984375
f 205/205 206/206 207/207 208/208
g bone4_south
v 1.50176701 0.12500000 1.48738125
v -0.49823299 0.12500000 1.48738125
v -0.49823299 0.00000000 1.48738125
v 1.50176701 0.00000000 1.48738125
vt 0.46484375 0.85546875
vt 0.58984375 0.85546875
vt 0.58984375 0.84765625
vt 0.46484375 0.84765625
f 209/209 210/210 211/211 212/212
g bone4_west
v -0.49823299 0.12500000 1.48738125
v -0.49823299 0.12500000 -0.49699375
v -0.49823299 0.00000000 -0.49699375
v -0.49823299 0.00000000 1.48738125
vt 0.45312500 0.69921875
vt 0.57812500 0.69921875
vt 0.57812500 0.69140625
vt 0.45312500 0.69140625
f 213/213 214/214 215/215 216/216
g bone4_up
v -0.49823299 0.12500000 1.48738125
v 1.50176701 0.12500000 1.48738125
v 1.50176701 0.12500000 -0.49699375
v -0.49823299 0.12500000 -0.49699375
vt 0.12500000 1.00000000
vt 0.25000000 1.00000000
vt 0.25000000 0.87500000
vt 0.12500000 0.87500000
f 217/217 218/218 219/219 220/220
g bone4_down
v -0.49823299 0.00000000 -0.49699375
v 1.50176701 0.00000000 -0.49699375
v 1.50176701 0.00000000 1.48738125
v -0.49823299 0.00000000 1.48738125
vt 0.12500000 0.75000000
vt 0.25000000 0.75000000
vt 0.25000000 0.87500000
vt 0.12500000 0.87500000
f 221/221 222/222 223/223 224/224
g bone4_north
v -0.42010799 0.26562500 1.39363125
v -0.42010799 0.26562500 -0.41886875
v -0.42010799 0.10937500 -0.41886875
v -0.42010799 0.10937500 1.39363125
vt 0.58203125 0.76171875
vt 0.46875000 0.76171875
vt 0.46875000 0.76953125
vt 0.58203125 0.76953125
f 225/225 226/226 227/227 228/228
g bone4_east
v -0.42010799 0.26562500 -0.41886875
v 1.43926701 0.26562500 -0.41886875
v 1.43926701 0.10937500 -0.41886875
v -0.42010799 0.10937500 -0.41886875
vt 0.58593750 0.95312500
vt 0.46875000 0.95312500
vt 0.46875000 0.96093750
vt 0.58593750 0.96093750
f 229/229 230/230 231/231 232/232
g bone4_south
v 1.43926701 0.26562500 -0.41886875
v 1.43926701 0.26562500 1.39363125
v 1.43926701 0.10937500 1.39363125
v 1.43926701 0.10937500 -0.41886875
vt 0.58203125 0.75390625
vt 0.46875000 0.75390625
vt 0.46875000 0.76171875
vt 0.58203125 0.76171875
f 233/233 234/234 235/235 236/236
g bone4_west
v 1.43926701 0.26562500 1.39363125
v -0.42010799 0.26562500 1.39363125
v -0.42010799 0.10937500 1.39363125
v 1.43926701 0.10937500 1.39363125
vt 0.58593750 0.94531250
vt 0.46875000 0.94531250
vt 0.46875000 0.95312500
vt 0.58593750 0.95312500
f 237/237 238/238 239/239 240/240
g bone4_up
v 1.43926701 0.26562500 1.39363125
v 1.43926701 0.26562500 -0.41886875
v -0.42010799 0.26562500 -0.41886875
v -0.42010799 0.26562500 1.39363125
vt 0.36328125 1.00000000
vt 0.25000000 1.00000000
vt 0.25000000 0.88281250
vt 0.36328125 0.88281250
f 241/241 242/242 243/243 244/244
g bone4_down
v -0.42010799 0.10937500 1.39363125
v -0.42010799 0.10937500 -0.41886875
v 1.43926701 0.10937500 -0.41886875
v 1.43926701 0.10937500 1.39363125
vt 0.11328125 0.63281250
vt 0.00000000 0.63281250
vt 0.00000000 0.75000000
vt 0.11328125 0.75000000
f 245/245 246/246 247/247 248/248
g bone2_north
v 0.37568264 1.53923750 -0.47811750
v 0.67119326 1.53923750 -0.47811750
v 0.67119326 1.53923750 -0.00286750
v 0.37568264 1.53923750 -0.00286750
vt 0.53125000 0.47265625
vt 0.51171875 0.47265625
vt 0.51171875 0.44140625
vt 0.53125000 0.44140625
f 249/249 250/250 251/251 252/252
g bone2_south
v 0.67119326 1.89573750 -0.47811750
v 0.37568264 1.89573750 -0.47811750
v 0.37568264 1.89573750 -0.00286750
v 0.67119326 1.89573750 -0.00286750
vt 0.41406250 0.46875000
vt 0.39453125 0.46875000
vt 0.39453125 0.43750000
vt 0.41406250 0.43750000
f 253/253 254/254 255/255 256/256
g bone2_up
v 0.37568264 1.89573750 -0.47811750
v 0.67119326 1.89573750 -0.47811750
v 0.67119326 1.53923750 -0.47811750
v 0.37568264 1.53923750 -0.47811750
vt 0.58593750 0.57421875
vt 0.56640625 0.57421875
vt 0.56640625 0.55078125
vt 0.58593750 0.55078125
f 257/257 258/258 259/259 260/260
g bone2_down
v 0.37568264 1.53923750 -0.00286750
v 0.67119326 1.53923750 -0.00286750
v 0.67119326 1.89573750 -0.00286750
v 0.37568264 1.89573750 -0.00286750
vt 0.58593750 0.52734375
vt 0.56640625 0.52734375
vt 0.56640625 0.55078125
vt 0.58593750 0.55078125
f 261/261 262/262 263/263 264/264
g bone2_north
v 0.23935341 1.45348920 -0.47799250
v 0.51213866 1.56648055 -0.47799250
v 0.51213866 1.56648055 -0.00299250
v 0.23935341 1.45348920 -0.00299250
vt 0.53125000 0.47265625
vt 0.51171875 0.47265625
vt 0.51171875 0.44140625
vt 0.53125000 0.44140625
f 265/265 266/266 267/267 268/268
g bone2_south
v 0.37580769 1.89561263 -0.47799250
v 0.10302244 1.78262129 -0.47799250
v 0.10302244 1.78262129 -0.00299250
v 0.37580769 1.89561263 -0.00299250
vt 0.41406250 0.46875000
vt 0.39453125 0.46875000
vt 0.39453125 0.43750000
vt 0.41406250 0.43750000
f 269/269 270/270 271/271 272/272
g bone2_up
v 0.10302244 1.78262129 -0.47799250
v 0.37580769 1.89561263 -0.47799250
v 0.51213866 1.56648055 -0.47799250
v 0.23935341 1.45348920 -0.47799250
vt 0.58593750 0.57421875
vt 0.56640625 0.57421875
vt 0.56640625 0.55078125
vt 0.58593750 0.55078125
f 273/273 274/274 275/275 276/276
g bone2_down
v 0.23935341 1.45348920 -0.00299250
v 0.51213866 1.56648055 -0.00299250
v 0.37580769 1.89561263 -0.00299250
v 0.10302244 1.78262129 -0.00299250
vt 0.58593750 0.52734375
vt 0.56640625 0.52734375
vt 0.56640625 0.55078125
vt 0.58593750 0.55078125
f 277/277 278/278 279/279 280/280
g bone2_north
v 0.80758951 0.85352412 -0.47811750
v 0.53457329 0.74043710 -0.47811750
v 0.53457329 0.74043710 -0.00286750
v 0.80758951 0.85352412 -0.00286750
vt 0.53125000 0.47265625
vt 0.51171875 0.47265625
vt 0.51171875 0.44140625
vt 0.53125000 0.44140625
f 281/281 282/282 283/283 284/284
g bone2_south
v 0.67099994 0.41107404 -0.47811750
v 0.94401615 0.52416107 -0.47811750
v 0.94401615 0.52416107 -0.00286750
v 0.67099994 0.41107404 -0.00286750
vt 0.41406250 0.46875000
vt 0.39453125 0.46875000
vt 0.39453125 0.43750000
vt 0.41406250 0.43750000
f 285/285 286/286 287/287 288/288
g bone2_up
v 0.94401615 0.52416107 -0.47811750
v 0.67099994 0.41107404 -0.47811750
v 0.53457329 0.74043710 -0.47811750
v 0.80758951 0.85352412 -0.47811750
vt 0.58593750 0.57421875
vt 0.56640625 0.57421875
vt 0.56640625 0.55078125
vt 0.58593750 0.55078125
f 289/289 290/290 291/291 292/292
g bone2_down
v 0.80758951 0.85352412 -0.00286750
v 0.53457329 0.74043710 -0.00286750
v 0.67099994 0.41107404 -0.00286750
v 0.94401615 0.52416107 -0.00286750
vt 0.58593750 0.52734375
vt 0.56640625 0.52734375
vt 0.56640625 0.55078125
vt 0.58593750 0.55078125
f 293/293 294/294 295/295 296/296
g bone2_north
v 0.67106764 0.76748750 -0.47799250
v 0.37580701 0.76748750 -0.47799250
v 0.37580701 0.76748750 -0.00299250
v 0.67106764 0.76748750 -0.00299250
vt 0.53125000 0.47265625
vt 0.51171875 0.47265625
vt 0.51171875 0.44140625
vt 0.53125000 0.44140625
f 297/297 298/298 299/299 300/300
g bone2_south
v 0.37580701 0.41123750 -0.47799250
v 0.67106764 0.41123750 -0.47799250
v 0.67106764 0.41123750 -0.00299250
v 0.37580701 0.41123750 -0.00299250
vt 0.41406250 0.46875000
vt 0.39453125 0.46875000
vt 0.39453125 0.43750000
vt 0.41406250 0.43750000
f 301/301 302/302 303/303 304/304
g bone2_up
v 0.67106764 0.41123750 -0.47799250
v 0.37580701 0.41123750 -0.47799250
v 0.37580701 0.76748750 -0.47799250
v 0.67106764 0.76748750 -0.47799250
vt 0.58593750 0.57421875
vt 0.56640625 0.57421875
vt 0.56640625 0.55078125
vt 0.58593750 0.55078125
f 305/305 306/306 307/307 308/308
g bone2_down
v 0.67106764 0.76748750 -0.00299250
v 0.37580701 0.76748750 -0.00299250
v 0.37580701 0.41123750 -0.00299250
v 0.67106764 0.41123750 -0.00299250
vt 0.58593750 0.52734375
vt 0.56640625 0.52734375
vt 0.56640625 0.55078125
vt 0.58593750 0.55078125
f 309/309 310/310 311/311 312/312
g bone2_north
v 0.51230141 0.74043734 -0.47811750
v 0.23928519 0.85352436 -0.47811750
v 0.23928519 0.85352436 -0.00286750
v 0.51230141 0.74043734 -0.00286750
vt 0.53125000 0.47265625
vt 0.51171875 0.47265625
vt 0.51171875 0.44140625
vt 0.53125000 0.44140625
f 313/313 314/314 315/315 316/316
g bone2_south
v 0.10285854 0.52416130 -0.47811750
v 0.37587476 0.41107428 -0.47811750
v 0.37587476 0.41107428 -0.00286750
v 0.10285854 0.52416130 -0.00286750
vt 0.41406250 0.46875000
vt 0.39453125 0.46875000
vt 0.39453125 0.43750000
vt 0.41406250 0.43750000
f 317/317 318/318 319/319 320/320
g bone2_up
v 0.37587476 0.41107428 -0.47811750
v 0.10285854 0.52416130 -0.47811750
v 0.23928519 0.85352436 -0.47811750
v 0.51230141 0.74043734 -0.47811750
vt 0.58593750 0.57421875
vt 0.56640625 0.57421875
vt 0.56640625 0.55078125
vt 0.58593750 0.55078125
f 321/321 322/322 323/323 324/324
g bone2_down
v 0.51230141 0.74043734 -0.00286750
v 0.23928519 0.85352436 -0.00286750
v 0.10285854 0.52416130 -0.00286750
v 0.37587476 0.41107428 -0.00286750
vt 0.58593750 0.52734375
vt 0.56640625 0.52734375
vt 0.56640625 0.55078125
vt 0.58593750 0.55078125
f 325/325 326/326 327/327 328/328
g bone2_north
v 0.22353676 0.86927313 -0.47811750
v 0.11044974 1.14228935 -0.47811750
v 0.11044974 1.14228935 -0.00286750
v 0.22353676 0.86927313 -0.00286750
vt 0.53125000 0.47265625
vt 0.51171875 0.47265625
vt 0.51171875 0.44140625
vt 0.53125000 0.44140625
f 329/329 330/330 331/331 332/332
g bone2_south
v -0.21891332 1.00586270 -0.47811750
v -0.10582630 0.73284648 -0.47811750
v -0.10582630 0.73284648 -0.00286750
v -0.21891332 1.00586270 -0.00286750
vt 0.41406250 0.46875000
vt 0.39453125 0.46875000
vt 0.39453125 0.43750000
vt 0.41406250 0.43750000
f 333/333 334/334 335/335 336/336
g bone2_up
v -0.10582630 0.73284648 -0.47811750
v -0.21891332 1.00586270 -0.47811750
v 0.11044974 1.14228935 -0.47811750
v 0.22353676 0.86927313 -0.47811750
vt 0.58593750 0.57421875
vt 0.56640625 0.57421875
vt 0.56640625 0.55078125
vt 0.58593750 0.55078125
f 337/337 338/338 339/339 340/340
g bone2_down
v 0.22353676 0.86927313 -0.00286750
v 0.11044974 1.14228935 -0.00286750
v -0.21891332 1.00586270 -0.00286750
v -0.10582630 0.73284648 -0.00286750
vt 0.58593750 0.52734375
vt 0.56640625 0.52734375
vt 0.56640625 0.55078125
vt 0.58593750 0.55078125
f 341/341 342/342 343/343 344/344
g bone2_north
v 0.35492879 0.77613580 -0.47799250
v 0.14614800 0.98491659 -0.47799250
v 0.14614800 0.98491659 -0.00299250
v 0.35492879 0.77613580 -0.00299250
vt 0.53125000 0.47265625
vt 0.51171875 0.47265625
vt 0.51171875 0.44140625
vt 0.53125000 0.44140625
f 345/345 346/346 347/347 348/348
g bone2_south
v -0.10575879 0.73300980 -0.47799250
v 0.10302200 0.52422901 -0.47799250
v 0.10302200 0.52422901 -0.00299250
v -0.10575879 0.73300980 -0.00299250
vt 0.41406250 0.46875000
vt 0.39453125 0.46875000
vt 0.39453125 0.43750000
vt 0.41406250 0.43750000
f 349/349 350/350 351/351 352/352
g bone2_up
v 0.10302200 0.52422901 -0.47799250
v -0.10575879 0.73300980 -0.47799250
v 0.14614800 0.98491659 -0.47799250
v 0.35492879 0.77613580 -0.47799250
vt 0.58593750 0.57421875
vt 0.56640625 0.57421875
vt 0.56640625 0.55078125
vt 0.58593750 0.55078125
f 353/353 354/354 355/355 356/356
g bone2_down
v 0.35492879 0.77613580 -0.00299250
v 0.14614800 0.98491659 -0.00299250
v -0.10575879 0.73300980 -0.00299250
v 0.10302200 0.52422901 -0.00299250
vt 0.58593750 0.52734375
vt 0.56640625 0.52734375
vt 0.56640625 0.55078125
vt 0.58593750 0.55078125
f 357/357 358/358 359/359 360/360
g bone2_north
v 0.69176971 1.53071420 -0.47811750
v 0.90072728 1.32175663 -0.47811750
v 0.90072728 1.32175663 -0.00286750
v 0.69176971 1.53071420 -0.00286750
vt 0.53125000 0.47265625
vt 0.51171875 0.47265625
vt 0.51171875 0.44140625
vt 0.53125000 0.44140625
f 361/361 362/362 363/363 364/364
g bone2_south
v 1.15281084 1.57384020 -0.47811750
v 0.94385328 1.78279776 -0.47811750
v 0.94385328 1.78279776 -0.00286750
v 1.15281084 1.57384020 -0.00286750
vt 0.41406250 0.46875000
vt 0.39453125 0.46875000
vt 0.39453125 0.43750000
vt 0.41406250 0.43750000
f 365/365 366/366 367/367 368/368
g bone2_up
v 0.94385328 1.78279776 -0.47811750
v 1.15281084 1.57384020 -0.47811750
v 0.90072728 1.32175663 -0.47811750
v 0.69176971 1.53071420 -0.47811750
vt 0.58593750 0.57421875
vt 0.56640625 0.57421875
vt 0.56640625 0.55078125
vt 0.58593750 0.55078125
f 369/369 370/370 371/371 372/372
g bone2_down
v 0.69176971 1.53071420 -0.00286750
v 0.90072728 1.32175663 -0.00286750
v 1.15281084 1.57384020 -0.00286750
v 0.94385328 1.78279776 -0.00286750
vt 0.58593750 0.52734375
vt 0.56640625 0.52734375
vt 0.56640625 0.55078125
vt 0.58593750 0.55078125
f 373/373 374/374 375/375 376/376
g bone2_north
v 0.82350184 1.43750922 -0.47799250
v 0.93649319 1.16472397 -0.47799250
v 0.93649319 1.16472397 -0.00299250
v 0.82350184 1.43750922 -0.00299250
vt 0.53125000 0.47265625
vt 0.51171875 0.47265625
vt 0.51171875 0.44140625
vt 0.53125000 0.44140625
f 377/377 378/378 379/379 380/380
g bone2_south
v 1.26562527 1.30105495 -0.47799250
v 1.15263392 1.57384020 -0.47799250
v 1.15263392 1.57384020 -0.00299250
v 1.26562527 1.30105495 -0.00299250
vt 0.41406250 0.46875000
vt 0.39453125 0.46875000
vt 0.39453125 0.43750000
vt 0.41406250 0.43750000
f 381/381 382/382 383/383 384/384
g bone2_up
v 1.15263392 1.57384020 -0.47799250
v 1.26562527 1.30105495 -0.47799250
v 0.93649319 1.16472397 -0.47799250
v 0.82350184 1.43750922 -0.47799250
vt 0.58593750 0.57421875
vt 0.56640625 0.57421875
vt 0.56640625 0.55078125
vt 0.58593750 0.55078125
f 385/385 386/386 387/387 388/388
g bone2_down
v 0.82350184 1.43750922 -0.00299250
v 0.93649319 1.16472397 -0.00299250
v 1.26562527 1.30105495 -0.00299250
v 1.15263392 1.57384020 -0.00299250
vt 0.58593750 0.52734375
vt 0.56640625 0.52734375
vt 0.56640625 0.55078125
vt 0.58593750 0.55078125
f 389/389 390/390 391/391 392/392
g bone2_north
v 0.53473719 1.56648031 -0.47799250
v 0.80752244 1.45348896 -0.47799250
v 0.80752244 1.45348896 -0.00299250
v 0.53473719 1.56648031 -0.00299250
vt 0.53125000 0.47265625
vt 0.51171875 0.47265625
vt 0.51171875 0.44140625
vt 0.53125000 0.44140625
f 393/393 394/394 395/395 396/396
g bone2_south
v 0.94385341 1.78262105 -0.47799250
v 0.67106816 1.89561240 -0.47799250
v 0.67106816 1.89561240 -0.00299250
v 0.94385341 1.78262105 -0.00299250
vt 0.41406250 0.46875000
vt 0.39453125 0.46875000
vt 0.39453125 0.43750000
vt 0.41406250 0.43750000
f 397/397 398/398 399/399 400/400
g bone2_up
v 0.67106816 1.89561240 -0.47799250
v 0.94385341 1.78262105 -0.47799250
v 0.80752244 1.45348896 -0.47799250
v 0.53473719 1.56648031 -0.47799250
vt 0.58593750 0.57421875
vt 0.56640625 0.57421875
vt 0.56640625 0.55078125
vt 0.58593750 0.55078125
f 401/401 402/402 403/403 404/404
g bone2_down
v 0.53473719 1.56648031 -0.00299250
v 0.80752244 1.45348896 -0.00299250
v 0.94385341 1.78262105 -0.00299250
v 0.67106816 1.89561240 -0.00299250
vt 0.58593750 0.52734375
vt 0.56640625 0.52734375
vt 0.56640625 0.55078125
vt 0.58593750 0.55078125
f 405/405 406/406 407/407 408/408
g bone2_north
v 0.90925014 1.30118000 -0.47811750
v 0.90925014 1.00566938 -0.47811750
v 0.90925014 1.00566938 -0.00286750
v 0.90925014 1.30118000 -0.00286750
vt 0.53125000 0.47265625
vt 0.51171875 0.47265625
vt 0.51171875 0.44140625
vt 0.53125000 0.44140625
f 409/409 410/410 411/411 412/412
g bone2_south
v 1.26575014 1.00566938 -0.47811750
v 1.26575014 1.30118000 -0.47811750
v 1.26575014 1.30118000 -0.00286750
v 1.26575014 1.00566938 -0.00286750
vt 0.41406250 0.46875000
vt 0.39453125 0.46875000
vt 0.39453125 0.43750000
vt 0.41406250 0.43750000
f 413/413 414/414 415/415 416/416
g bone2_up
v 1.26575014 1.30118000 -0.47811750
v 1.26575014 1.00566938 -0.47811750
v 0.90925014 1.00566938 -0.47811750
v 0.90925014 1.30118000 -0.47811750
vt 0.58593750 0.57421875
vt 0.56640625 0.57421875
vt 0.56640625 0.55078125
vt 0.58593750 0.55078125
f 417/417 418/418 419/419 420/420
g bone2_down
v 0.90925014 1.30118000 -0.00286750
v 0.90925014 1.00566938 -0.00286750
v 1.26575014 1.00566938 -0.00286750
v 1.26575014 1.30118000 -0.00286750
vt 0.58593750 0.52734375
vt 0.56640625 0.52734375
vt 0.56640625 0.55078125
vt 0.58593750 0.55078125
f 421/421 422/422 423/423 424/424
g bone2_north
v 0.90072683 0.98509293 -0.47811750
v 0.69176927 0.77613536 -0.47811750
v 0.69176927 0.77613536 -0.00286750
v 0.90072683 0.98509293 -0.00286750
vt 0.53125000 0.47265625
vt 0.51171875 0.47265625
vt 0.51171875 0.44140625
vt 0.53125000 0.44140625
f 425/425 426/426 427/427 428/428
g bone2_south
v 0.94385284 0.52405179 -0.47811750
v 1.15281040 0.73300936 -0.47811750
v 1.15281040 0.73300936 -0.00286750
v 0.94385284 0.52405179 -0.00286750
vt 0.41406250 0.46875000
vt 0.39453125 0.46875000
vt 0.39453125 0.43750000
vt 0.41406250 0.43750000
f 429/429 430/430 431/431 432/432
g bone2_up
v 1.15281040 0.73300936 -0.47811750
v 0.94385284 0.52405179 -0.47811750
v 0.69176927 0.77613536 -0.47811750
v 0.90072683 0.98509293 -0.47811750
vt 0.58593750 0.57421875
vt 0.56640625 0.57421875
vt 0.56640625 0.55078125
vt 0.58593750 0.55078125
f 433/433 434/434 435/435 436/436
g bone2_down
v 0.90072683 0.98509293 -0.00286750
v 0.69176927 0.77613536 -0.00286750
v 0.94385284 0.52405179 -0.00286750
v 1.15281040 0.73300936 -0.00286750
vt 0.58593750 0.52734375
vt 0.56640625 0.52734375
vt 0.56640625 0.55078125
vt 0.58593750 0.55078125
f 437/437 438/438 439/439 440/440
g bone2_north
v 0.93649295 1.14212545 -0.47799250
v 0.82350160 0.86934020 -0.47799250
v 0.82350160 0.86934020 -0.00299250
v 0.93649295 1.14212545 -0.00299250
vt 0.53125000 0.47265625
vt 0.51171875 0.47265625
vt 0.51171875 0.44140625
vt 0.53125000 0.44140625
f 441/441 442/442 443/443 444/444
g bone2_south
v 1.15263368 0.73300923 -0.47799250
v 1.26562503 1.00579448 -0.47799250
v 1.26562503 1.00579448 -0.00299250
v 1.15263368 0.73300923 -0.00299250
vt 0.41406250 0.46875000
vt 0.39453125 0.46875000
vt 0.39453125 0.43750000
vt 0.41406250 0.43750000
f 445/445 446/446 447/447 448/448
g bone2_up
v 1.26562503 1.00579448 -0.47799250
v 1.15263368 0.73300923 -0.47799250
v 0.82350160 0.86934020 -0.47799250
v 0.93649295 1.14212545 -0.47799250
vt 0.58593750 0.57421875
vt 0.56640625 0.57421875
vt 0.56640625 0.55078125
vt 0.58593750 0.55078125
f 449/449 450/450 451/451 452/452
g bone2_down
v 0.93649295 1.14212545 -0.00299250
v 0.82350160 0.86934020 -0.00299250
v 1.15263368 0.73300923 -0.00299250
v 1.26562503 1.00579448 -0.00299250
vt 0.58593750 0.52734375
vt 0.56640625 0.52734375
vt 0.56640625 0.55078125
vt 0.58593750 0.55078125
f 453/453 454/454 455/455 456/456
g bone2_north
v 0.14614844 1.32175707 -0.47811750
v 0.35510601 1.53071464 -0.47811750
v 0.35510601 1.53071464 -0.00286750
v 0.14614844 1.32175707 -0.00286750
vt 0.53125000 0.47265625
vt 0.51171875 0.47265625
vt 0.51171875 0.44140625
vt 0.53125000 0.44140625
f 457/457 458/458 459/459 460/460
g bone2_south
v 0.10302244 1.78279821 -0.47811750
v -0.10593513 1.57384064 -0.47811750
v -0.10593513 1.57384064 -0.00286750
v 0.10302244 1.78279821 -0.00286750
vt 0.41406250 0.46875000
vt 0.39453125 0.46875000
vt 0.39453125 0.43750000
vt 0.41406250 0.43750000
f 461/461 462/462 463/463 464/464
g bone2_up
v -0.10593513 1.57384064 -0.47811750
v 0.10302244 1.78279821 -0.47811750
v 0.35510601 1.53071464 -0.47811750
v 0.14614844 1.32175707 -0.47811750
vt 0.58593750 0.57421875
vt 0.56640625 0.57421875
vt 0.56640625 0.55078125
vt 0.58593750 0.55078125
f 465/465 466/466 467/467 468/468
g bone2_down
v 0.14614844 1.32175707 -0.00286750
v 0.35510601 1.53071464 -0.00286750
v 0.10302244 1.78279821 -0.00286750
v -0.10593513 1.57384064 -0.00286750
vt 0.58593750 0.52734375
vt 0.56640625 0.52734375
vt 0.56640625 0.55078125
vt 0.58593750 0.55078125
f 469/469 470/470 471/471 472/472
g bone2_north
v 0.11038233 1.16472455 -0.47799250
v 0.22337367 1.43750980 -0.47799250
v 0.22337367 1.43750980 -0.00299250
v 0.11038233 1.16472455 -0.00299250
vt 0.53125000 0.47265625
vt 0.51171875 0.47265625
vt 0.51171875 0.44140625
vt 0.53125000 0.44140625
f 473/473 474/474 475/475 476/476
g bone2_south
v -0.10575841 1.57384077 -0.47799250
v -0.21874976 1.30105552 -0.47799250
v -0.21874976 1.30105552 -0.00299250
v -0.10575841 1.57384077 -0.00299250
vt 0.41406250 0.46875000
vt 0.39453125 0.46875000
vt 0.39453125 0.43750000
vt 0.41406250 0.43750000
f 477/477 478/478 479/479 480/480
g bone2_up
v -0.21874976 1.30105552 -0.47799250
v -0.10575841 1.57384077 -0.47799250
v 0.22337367 1.43750980 -0.47799250
v 0.11038233 1.16472455 -0.47799250
vt 0.58593750 0.57421875
vt 0.56640625 0.57421875
vt 0.56640625 0.55078125
vt 0.58593750 0.55078125
f 481/481 482/482 483/483 484/484
g bone2_down
v 0.11038233 1.16472455 -0.00299250
v 0.22337367 1.43750980 -0.00299250
v -0.10575841 1.57384077 -0.00299250
v -0.21874976 1.30105552 -0.00299250
vt 0.58593750 0.52734375
vt 0.56640625 0.52734375
vt 0.56640625 0.55078125
vt 0.58593750 0.55078125
f 485/485 486/486 487/487 488/488
g bone2_north
v 0.13762514 1.00567000 -0.47811750
v 0.13762514 1.30118063 -0.47811750
v 0.13762514 1.30118062 -0.00286750
v 0.13762514 1.00567000 -0.00286750
vt 0.53125000 0.47265625
vt 0.51171875 0.47265625
vt 0.51171875 0.44140625
vt 0.53125000 0.44140625
f 489/489 490/490 491/491 492/492
g bone2_south
v -0.21887486 1.30118063 -0.47811750
v -0.21887486 1.00567000 -0.47811750
v -0.21887486 1.00567000 -0.00286750
v -0.21887486 1.30118062 -0.00286750
vt 0.41406250 0.46875000
vt 0.39453125 0.46875000
vt 0.39453125 0.43750000
vt 0.41406250 0.43750000
f 493/493 494/494 495/495 496/496
g bone2_up
v -0.21887486 1.00567000 -0.47811750
v -0.21887486 1.30118063 -0.47811750
v 0.13762514 1.30118063 -0.47811750
v 0.13762514 1.00567000 -0.47811750
vt 0.58593750 0.57421875
vt 0.56640625 0.57421875
vt 0.56640625 0.55078125
vt 0.58593750 0.55078125
f 497/497 498/498 499/499 500/500
g bone2_down
v 0.13762514 1.00567000 -0.00286750
v 0.13762514 1.30118062 -0.00286750
v -0.21887486 1.30118062 -0.00286750
v -0.21887486 1.00567000 -0.00286750
vt 0.58593750 0.52734375
vt 0.56640625 0.52734375
vt 0.56640625 0.55078125
vt 0.58593750 0.55078125
f 501/501 502/502 503/503 504/504
g bone2_north
v 0.10625014 0.73704500 -0.41861750
v 0.94062514 0.73704500 -0.41861750
v 0.94062514 0.73704500 -0.00299250
v 0.10625014 0.73704500 -0.00299250
vt 0.44531250 0.85546875
vt 0.39843750 0.85546875
vt 0.39843750 0.82812500
vt 0.44531250 0.82812500
f 505/505 506/506 507/507 508/508
g bone2_east
v 0.94062514 0.73704500 -0.41861750
v 0.94062514 1.56980563 -0.41861750
v 0.94062514 1.56980563 -0.00299250
v 0.94062514 0.73704500 -0.00299250
vt 0.44531250 0.82812500
vt 0.39843750 0.82812500
vt 0.39843750 0.80078125
vt 0.44531250 0.80078125
f 509/509 510/510 511/511 512/512
g bone2_south
v 0.94062514 1.56980563 -0.41861750
v 0.10625014 1.56980563 -0.41861750
v 0.10625014 1.56980563 -0.00299250
v 0.94062514 1.56980563 -0.00299250
vt 0.46875000 1.00000000
vt 0.42187500 1.00000000
vt 0.42187500 0.97265625
vt 0.46875000 0.97265625
f 513/513 514/514 515/515 516/516
g bone2_west
v 0.10625014 1.56980563 -0.41861750
v 0.10625014 0.73704500 -0.41861750
v 0.10625014 0.73704500 -0.00299250
v 0.10625014 1.56980563 -0.00299250
vt 0.46875000 0.97265625
vt 0.42187500 0.97265625
vt 0.42187500 0.94531250
vt 0.46875000 0.94531250
f 517/517 518/518 519/519 520/520
g bone2_up
v 0.10625014 1.56980563 -0.41861750
v 0.94062514 1.56980563 -0.41861750
v 0.94062514 0.73704500 -0.41861750
v 0.10625014 0.73704500 -0.41861750
vt 0.38281250 0.61718750
vt 0.33593750 0.61718750
vt 0.33593750 0.57031250
vt 0.38281250 0.57031250
f 521/521 522/522 523/523 524/524
g bone2_down
v 0.10625014 0.73704500 -0.00299250
v 0.94062514 0.73704500 -0.00299250
v 0.94062514 1.56980563 -0.00299250
v 0.10625014 1.56980563 -0.00299250
vt 0.42968750 0.57031250
vt 0.38281250 0.57031250
vt 0.38281250 0.61718750
vt 0.42968750 0.61718750
f 525/525 526/526 527/527 528/528
g bone2_north
v 0.34531264 0.97610750 -0.47486750
v 0.70156264 0.97610750 -0.47486750
v 0.70156264 0.97610750 0.04075750
v 0.34531264 0.97610750 0.04075750
vt 0.27343750 0.78515625
vt 0.25000000 0.78515625
vt 0.25000000 0.75000000
vt 0.27343750 0.75000000
f 529/529 530/530 531/531 532/532
g bone2_east
v 0.70156264 0.97610750 -0.47486750
v 0.70156264 1.33074313 -0.47486750
v 0.70156264 1.33074312 0.04075750
v 0.70156264 0.97610750 0.04075750
vt 0.50390625 0.94531250
vt 0.48046875 0.94531250
vt 0.48046875 0.91015625
vt 0.50390625 0.91015625
f 533/533 534/534 535/535 536/536
g bone2_south
v 0.70156264 1.33074313 -0.47486750
v 0.34531264 1.33074313 -0.47486750
v 0.34531264 1.33074312 0.04075750
v 0.70156264 1.33074312 0.04075750
vt 0.23046875 0.51562500
vt 0.20703125 0.51562500
vt 0.20703125 0.48046875
vt 0.23046875 0.48046875
f 537/537 538/538 539/539 540/540
g bone2_west
v 0.34531264 1.33074313 -0.47486750
v 0.34531264 0.97610750 -0.47486750
v 0.34531264 0.97610750 0.04075750
v 0.34531264 1.33074312 0.04075750
vt 0.25390625 0.51562500
vt 0.23046875 0.51562500
vt 0.23046875 0.48046875
vt 0.25390625 0.48046875
f 541/541 542/542 543/543 544/544
g bone2_up
v 0.34531264 1.33074313 -0.47486750
v 0.70156264 1.33074313 -0.47486750
v 0.70156264 0.97610750 -0.47486750
v 0.34531264 0.97610750 -0.47486750
vt 0.57031250 0.93750000
vt 0.54687500 0.93750000
vt 0.54687500 0.91406250
vt 0.57031250 0.91406250
f 545/545 546/546 547/547 548/548
g bone2_down
v 0.34531264 0.97610750 0.04075750
v 0.70156264 0.97610750 0.04075750
v 0.70156264 1.33074312 0.04075750
v 0.34531264 1.33074312 0.04075750
vt 0.57031250 0.77734375
vt 0.54687500 0.77734375
vt 0.54687500 0.80078125
vt 0.57031250 0.80078125
f 549/549 550/550 551/551 552/552
g bone3_north
v 0.49218764 1.06250000 0.01863125
v 1.36718764 1.06250000 0.01863125
v 1.36718764 0.37500000 0.01863125
v 0.49218764 0.37500000 0.01863125
vt 0.33593750 0.64453125
vt 0.28125000 0.64453125
vt 0.28125000 0.60937500
vt 0.33593750 0.60937500
f 553/553 554/554 555/555 556/556
g bone3_east
v 1.36718764 1.06250000 0.01863125
v 1.36718764 1.06250000 1.45613125
v 1.36718764 0.37500000 1.45613125
v 1.36718764 0.37500000 0.01863125
vt 0.19921875 0.68750000
vt 0.11328125 0.68750000
vt 0.11328125 0.65234375
vt 0.19921875 0.65234375
f 557/557 558/558 559/559 560/560
g bone3_south
v 1.36718764 1.06250000 1.45613125
v 0.49218764 1.06250000 1.45613125
v 0.49218764 0.37500000 1.45613125
v 1.36718764 0.37500000 1.45613125
vt 0.33593750 0.64453125
vt 0.28125000 0.64453125
vt 0.28125000 0.60937500
vt 0.33593750 0.60937500
f 561/561 562/562 563/563 564/564
g bone3_west
v 0.49218764 1.06250000 1.45613125
v 0.49218764 1.06250000 0.01863125
v 0.49218764 0.37500000 0.01863125
v 0.49218764 0.37500000 1.45613125
vt 0.19921875 0.68750000
vt 0.11328125 0.68750000
vt 0.11328125 0.65234375
vt 0.19921875 0.65234375
f 565/565 566/566 567/567 568/568
g bone3_up
v 0.49218764 1.06250000 1.45613125
v 1.36718764 1.06250000 1.45613125
v 1.36718764 1.06250000 0.01863125
v 0.49218764 1.06250000 0.01863125
vt 0.05468750 0.63281250
vt 0.00000000 0.63281250
vt 0.00000000 0.54296875
vt 0.05468750 0.54296875
f 569/569 570/570 571/571 572/572
g bone3_down
v 0.49218764 0.37500000 0.01863125
v 1.36718764 0.37500000 0.01863125
v 1.36718764 0.37500000 1.45613125
v 0.49218764 0.37500000 1.45613125
vt 0.10937500 0.54296875
vt 0.05468750 0.54296875
vt 0.05468750 0.63281250
vt 0.10937500 0.63281250
f 573/573 574/574 575/575 576/576
g bone3_north
v 0.49218764 1.76562500 0.01863125
v 1.36718764 1.76562500 0.01863125
v 1.36718764 1.07812500 0.01863125
v 0.49218764 1.07812500 0.01863125
vt 0.33593750 0.64453125
vt 0.28125000 0.64453125
vt 0.28125000 0.60937500
vt 0.33593750 0.60937500
f 577/577 578/578 579/579 580/580
g bone3_east
v 1.36718764 1.76562500 0.01863125
v 1.36718764 1.76562500 1.45613125
v 1.36718764 1.07812500 1.45613125
v 1.36718764 1.07812500 0.01863125
vt 0.19921875 0.68750000
vt 0.11328125 0.68750000
vt 0.11328125 0.65234375
vt 0.19921875 0.65234375
f 581/581 582/582 583/583 584/584
g bone3_south
v 1.36718764 1.76562500 1.45613125
v 0.49218764 1.76562500 1.45613125
v 0.49218764 1.07812500 1.45613125
v 1.36718764 1.07812500 1.45613125
vt 0.33593750 0.64453125
vt 0.28125000 0.64453125
vt 0.28125000 0.60937500
vt 0.33593750 0.60937500
f 585/585 586/586 587/587 588/588
g bone3_west
v 0.49218764 1.76562500 1.45613125
v 0.49218764 1.76562500 0.01863125
v 0.49218764 1.07812500 0.01863125
v 0.49218764 1.07812500 1.45613125
vt 0.19921875 0.68750000
vt 0.11328125 0.68750000
vt 0.11328125 0.65234375
vt 0.19921875 0.65234375
f 589/589 590/590 591/591 592/592
g bone3_up
v 0.49218764 1.76562500 1.45613125
v 1.36718764 1.76562500 1.45613125
v 1.36718764 1.76562500 0.01863125
v 0.49218764 1.76562500 0.01863125
vt 0.05468750 0.63281250
vt 0.00000000 0.63281250
vt 0.00000000 0.54296875
vt 0.05468750 0.54296875
f 593/593 594/594 595/595 596/596
g bone3_down
v 0.49218764 1.07812500 0.01863125
v 1.36718764 1.07812500 0.01863125
v 1.36718764 1.07812500 1.45613125
v 0.49218764 1.07812500 1.45613125
vt 0.10937500 0.54296875
vt 0.05468750 0.54296875
vt 0.05468750 0.63281250
vt 0.10937500 0.63281250
f 597/597 598/598 599/599 600/600
g bone3_north
v -0.44531236 1.76562500 0.01863125
v 0.42968764 1.76562500 0.01863125
v 0.42968764 1.51562500 0.01863125
v -0.44531236 1.51562500 0.01863125
vt 0.52734375 0.80078125
vt 0.46875000 0.80078125
vt 0.46875000 0.78515625
vt 0.52734375 0.78515625
f 601/601 602/602 603/603 604/604
g bone3_east
v 0.42968764 1.76562500 0.01863125
v 0.42968764 1.76562500 1.45613125
v 0.42968764 1.51562500 1.45613125
v 0.42968764 1.51562500 0.01863125
vt 0.48828125 0.88671875
vt 0.39843750 0.88671875
vt 0.39843750 0.87109375
vt 0.48828125 0.87109375
f 605/605 606/606 607/607 608/608
g bone3_south
v 0.42968764 1.76562500 1.45613125
v -0.44531236 1.76562500 1.45613125
v -0.44531236 1.51562500 1.45613125
v 0.42968764 1.51562500 1.45613125
vt 0.52734375 0.78515625
vt 0.46875000 0.78515625
vt 0.46875000 0.76953125
vt 0.52734375 0.76953125
f 609/609 610/610 611/611 612/612
g bone3_west
v -0.44531236 1.76562500 1.45613125
v -0.44531236 1.76562500 0.01863125
v -0.44531236 1.51562500 0.01863125
v -0.44531236 1.51562500 1.45613125
vt 0.48828125 0.87109375
vt 0.39843750 0.87109375
vt 0.39843750 0.85546875
vt 0.48828125 0.85546875
f 613/613 614/614 615/615 616/616
g bone3_up
v -0.44531236 1.76562500 1.45613125
v 0.42968764 1.76562500 1.45613125
v 0.42968764 1.76562500 0.01863125
v -0.44531236 1.76562500 0.01863125
vt 0.17187500 0.65234375
vt 0.11328125 0.65234375
vt 0.11328125 0.56250000
vt 0.17187500 0.56250000
f 617/617 618/618 619/619 620/620
g bone3_north
v 1.13281264 2.15625000 -0.13761875
v 1.13281264 2.15625000 1.12800625
v 1.13281264 1.79687500 1.12800625
v 1.13281264 1.79687500 -0.13761875
vt 0.44140625 0.91015625
vt 0.36328125 0.91015625
vt 0.36328125 0.88671875
vt 0.44140625 0.88671875
f 621/621 622/622 623/623 624/624
g bone3_east
v 1.13281264 2.15625000 1.12800625
v -0.13281236 2.15625000 1.12800625
v -0.13281236 1.79687500 1.12800625
v 1.13281264 1.79687500 1.12800625
vt 0.47265625 0.68750000
vt 0.39453125 0.68750000
vt 0.39453125 0.66406250
vt 0.47265625 0.66406250
f 625/625 626/626 627/627 628/628
g bone3_south
v -0.13281236 2.15625000 1.12800625
v -0.13281236 2.15625000 -0.13761875
v -0.13281236 1.79687500 -0.13761875
v -0.13281236 1.79687500 1.12800625
vt 0.47265625 0.66406250
vt 0.39453125 0.66406250
vt 0.39453125 0.64062500
vt 0.47265625 0.64062500
f 629/629 630/630 631/631 632/632
g bone3_west
v -0.13281236 2.15625000 -0.13761875
v 1.13281264 2.15625000 -0.13761875
v 1.13281264 1.79687500 -0.13761875
v -0.13281236 1.79687500 -0.13761875
vt 0.47265625 0.64062500
vt 0.39453125 0.64062500
vt 0.39453125 0.61718750
vt 0.47265625 0.61718750
f 633/633 634/634 635/635 636/636
g bone3_up
v -0.13281236 2.15625000 -0.13761875
v -0.13281236 2.15625000 1.12800625
v 1.13281264 2.15625000 1.12800625
v 1.13281264 2.15625000 -0.13761875
vt 0.28125000 0.75000000
vt 0.20312500 0.75000000
vt 0.20312500 0.67187500
vt 0.28125000 0.67187500
f 637/637 638/638 639/639 640/640
g bone3_down
v 1.13281264 1.79687500 -0.13761875
v 1.13281264 1.79687500 1.12800625
v -0.13281236 1.79687500 1.12800625
v -0.13281236 1.79687500 -0.13761875
vt 0.35937500 0.70703125
vt 0.28125000 0.70703125
vt 0.28125000 0.78515625
vt 0.35937500 0.78515625
f 641/641 642/642 643/643 644/644
g bone12_north
v 0.14843764 1.75000000 0.90925625
v 0.24218764 1.75000000 0.90925625
v 0.24218764 1.31250000 0.90925625
v 0.14843764 1.31250000 0.90925625
vt 0.02343750 0.40234375
vt 0.01562500 0.40234375
vt 0.01562500 0.37500000
vt 0.02343750 0.37500000
f 645/645 646/646 647/647 648/648
g bone12_east
v 0.24218764 1.75000000 0.90925625
v 0.24218764 1.75000000 1.00300625
v 0.24218764 1.31250000 1.00300625
v 0.24218764 1.31250000 0.90925625
vt 0.03125000 0.40234375
vt 0.02343750 0.40234375
vt 0.02343750 0.37500000
vt 0.03125000 0.37500000
f 649/649 650/650 651/651 652/652
g bone12_south
v 0.24218764 1.75000000 1.00300625
v 0.14843764 1.75000000 1.00300625
v 0.14843764 1.31250000 1.00300625
v 0.24218764 1.31250000 1.00300625
vt 0.03906250 0.40234375
vt 0.03125000 0.40234375
vt 0.03125000 0.37500000
vt 0.03906250 0.37500000
f 653/653 654/654 655/655 656/656
g bone12_west
v 0.14843764 1.75000000 1.00300625
v 0.14843764 1.75000000 0.90925625
v 0.14843764 1.31250000 0.90925625
v 0.14843764 1.31250000 1.00300625
vt 0.04687500 0.40234375
vt 0.03906250 0.40234375
vt 0.03906250 0.37500000
vt 0.04687500 0.37500000
f 657/657 658/658 659/659 660/660
g bone12_up
v 0.14843764 1.75000000 1.00300625
v 0.24218764 1.75000000 1.00300625
v 0.24218764 1.75000000 0.90925625
v 0.14843764 1.75000000 0.90925625
vt 0.30859375 0.51562500
vt 0.30078125 0.51562500
vt 0.30078125 0.50781250
vt 0.30859375 0.50781250
f 661/661 662/662 663/663 664/664
g bone12_down
v 0.14843764 1.31250000 0.90925625
v 0.24218764 1.31250000 0.90925625
v 0.24218764 1.31250000 1.00300625
v 0.14843764 1.31250000 1.00300625
vt 0.41406250 0.50390625
vt 0.40625000 0.50390625
vt 0.40625000 0.51171875
vt 0.41406250 0.51171875
f 665/665 666/666 667/667 668/668
g bone12_north
v 0.03906264 1.06250000 0.79988125
v 0.35156264 1.06250000 0.79988125
v 0.35156264 0.39062500 0.79988125
v 0.03906264 0.39062500 0.79988125
vt 0.14843750 0.56250000
vt 0.12890625 0.56250000
vt 0.12890625 0.50390625
vt 0.14843750 0.50390625
f 669/669 670/670 671/671 672/672
g bone12_east
v 0.35156264 1.06250000 0.79988125
v 0.35156264 1.06250000 1.11238125
v 0.35156264 0.39062500 1.11238125
v 0.35156264 0.39062500 0.79988125
vt 0.16796875 0.56250000
vt 0.14843750 0.56250000
vt 0.14843750 0.50390625
vt 0.16796875 0.50390625
f 673/673 674/674 675/675 676/676
g bone12_south
v 0.35156264 1.06250000 1.11238125
v 0.03906264 1.06250000 1.11238125
v 0.03906264 0.39062500 1.11238125
v 0.35156264 0.39062500 1.11238125
vt 0.46093750 0.94531250
vt 0.44140625 0.94531250
vt 0.44140625 0.88671875
vt 0.46093750 0.88671875
f 677/677 678/678 679/679 680/680
g bone12_west
v 0.03906264 1.06250000 1.11238125
v 0.03906264 1.06250000 0.79988125
v 0.03906264 0.39062500 0.79988125
v 0.03906264 0.39062500 1.11238125
vt 0.43359375 0.55859375
vt 0.41406250 0.55859375
vt 0.41406250 0.50000000
vt 0.43359375 0.50000000
f 681/681 682/682 683/683 684/684
g bone12_up
v 0.03906264 1.06250000 1.11238125
v 0.35156264 1.06250000 1.11238125
v 0.35156264 1.06250000 0.79988125
v 0.03906264 1.06250000 0.79988125
vt 0.60546875 0.54296875
vt 0.58593750 0.54296875
vt 0.58593750 0.52343750
vt 0.60546875 0.52343750
f 685/685 686/686 687/687 688/688
g bone12_down
v 0.03906264 0.39062500 0.79988125
v 0.35156264 0.39062500 0.79988125
v 0.35156264 0.39062500 1.11238125
v 0.03906264 0.39062500 1.11238125
vt 0.60546875 0.50390625
vt 0.58593750 0.50390625
vt 0.58593750 0.52343750
vt 0.60546875 0.52343750
f 689/689 690/690 691/691 692/692
g bone12_north
v 0.03906264 1.40625000 0.79988125
v 0.35156264 1.40625000 0.79988125
v 0.35156264 1.31250000 0.79988125
v 0.03906264 1.31250000 0.79988125
vt 0.62109375 0.45703125
vt 0.60156250 0.45703125
vt 0.60156250 0.44921875
vt 0.62109375 0.44921875
f 693/693 694/694 695/695 696/696
g bone12_east
v 0.35156264 1.40625000 0.79988125
v 0.35156264 1.40625000 1.11238125
v 0.35156264 1.31250000 1.11238125
v 0.35156264 1.31250000 0.79988125
vt 0.62109375 0.44921875
vt 0.60156250 0.44921875
vt 0.60156250 0.44140625
vt 0.62109375 0.44140625
f 697/697 698/698 699/699 700/700
g bone12_south
v 0.35156264 1.40625000 1.11238125
v 0.03906264 1.40625000 1.11238125
v 0.03906264 1.31250000 1.11238125
v 0.35156264 1.31250000 1.11238125
vt 0.62109375 0.44140625
vt 0.60156250 0.44140625
vt 0.60156250 0.43359375
vt 0.62109375 0.43359375
f 701/701 702/702 703/703 704/704
g bone12_west
v 0.03906264 1.40625000 1.11238125
v 0.03906264 1.40625000 0.79988125
v 0.03906264 1.31250000 0.79988125
v 0.03906264 1.31250000 1.11238125
vt 0.62109375 0.43359375
vt 0.60156250 0.43359375
vt 0.60156250 0.42578125
vt 0.62109375 0.42578125
f 705/705 706/706 707/707 708/708
g bone12_up
v 0.03906264 1.40625000 1.11238125
v 0.35156264 1.40625000 1.11238125
v 0.35156264 1.40625000 0.79988125
v 0.03906264 1.40625000 0.79988125
vt 0.60546875 0.56250000
vt 0.58593750 0.56250000
vt 0.58593750 0.54296875
vt 0.60546875 0.54296875
f 709/709 710/710 711/711 712/712
g bone12_down
v 0.03906264 1.31250000 0.79988125
v 0.35156264 1.31250000 0.79988125
v 0.35156264 1.31250000 1.11238125
v 0.03906264 1.31250000 1.11238125
vt 0.47265625 0.39453125
vt 0.45312500 0.39453125
vt 0.45312500 0.41406250
vt 0.47265625 0.41406250
f 713/713 714/714 715/715 716/716
g bone12_north
v 0.08593764 1.31250000 0.84675625
v 0.30468764 1.31250000 0.84675625
v 0.30468764 0.56250000 0.84675625
v 0.08593764 0.56250000 0.84675625
vt 0.39453125 0.44921875
vt 0.38281250 0.44921875
vt 0.38281250 0.40234375
vt 0.39453125 0.40234375
f 717/717 718/718 719/719 720/720
g bone12_east
v 0.30468764 1.31250000 0.84675625
v 0.30468764 1.31250000 1.06550625
v 0.30468764 0.56250000 1.06550625
v 0.30468764 0.56250000 0.84675625
vt 0.56250000 0.47265625
vt 0.55078125 0.47265625
vt 0.55078125 0.42578125
vt 0.56250000 0.42578125
f 721/721 722/722 723/723 724/724
g bone12_south
v 0.30468764 1.31250000 1.06550625
v 0.08593764 1.31250000 1.06550625
v 0.08593764 0.56250000 1.06550625
v 0.30468764 0.56250000 1.06550625
vt 0.56640625 0.69140625
vt 0.55468750 0.69140625
vt 0.55468750 0.64453125
vt 0.56640625 0.64453125
f 725/725 726/726 727/727 728/728
g bone12_west
v 0.08593764 1.31250000 1.06550625
v 0.08593764 1.31250000 0.84675625
v 0.08593764 0.56250000 0.84675625
v 0.08593764 0.56250000 1.06550625
vt 0.56640625 0.64453125
vt 0.55468750 0.64453125
vt 0.55468750 0.59765625
vt 0.56640625 0.59765625
f 729/729 730/730 731/731 732/732
g bone12_up
v 0.08593764 1.31250000 1.06550625
v 0.30468764 1.31250000 1.06550625
v 0.30468764 1.31250000 0.84675625
v 0.08593764 1.31250000 0.84675625
vt 0.61718750 0.75390625
vt 0.60546875 0.75390625
vt 0.60546875 0.74218750
vt 0.61718750 0.74218750
f 733/733 734/734 735/735 736/736
g bone12_down
v 0.08593764 0.56250000 0.84675625
v 0.30468764 0.56250000 0.84675625
v 0.30468764 0.56250000 1.06550625
v 0.08593764 0.56250000 1.06550625
vt 0.61718750 0.69140625
vt 0.60546875 0.69140625
vt 0.60546875 0.70312500
vt 0.61718750 0.70312500
f 737/737 738/738 739/739 740/740
g bone_north
v -0.22656236 1.75000000 0.20613125
v -0.13281236 1.75000000 0.20613125
v -0.13281236 1.31250000 0.20613125
v -0.22656236 1.31250000 0.20613125
vt 0.02343750 0.40234375
vt 0.01562500 0.40234375
vt 0.01562500 0.37500000
vt 0.02343750 0.37500000
f 741/741 742/742 743/743 744/744
g bone_east
v -0.13281236 1.75000000 0.20613125
v -0.13281236 1.75000000 0.29988125
v -0.13281236 1.31250000 0.29988125
v -0.13281236 1.31250000 0.20613125
vt 0.03125000 0.40234375
vt 0.02343750 0.40234375
vt 0.02343750 0.37500000
vt 0.03125000 0.37500000
f 745/745 746/746 747/747 748/748
g bone_south
v -0.13281236 1.75000000 0.29988125
v -0.22656236 1.75000000 0.29988125
v -0.22656236 1.31250000 0.29988125
v -0.13281236 1.31250000 0.29988125
vt 0.03906250 0.40234375
vt 0.03125000 0.40234375
vt 0.03125000 0.37500000
vt 0.03906250 0.37500000
f 749/749 750/750 751/751 752/752
g bone_west
v -0.22656236 1.75000000 0.29988125
v -0.22656236 1.75000000 0.20613125
v -0.22656236 1.31250000 0.20613125
v -0.22656236 1.31250000 0.29988125
vt 0.04687500 0.40234375
vt 0.03906250 0.40234375
vt 0.03906250 0.37500000
vt 0.04687500 0.37500000
f 753/753 754/754 755/755 756/756
g bone_up
v -0.22656236 1.75000000 0.29988125
v -0.13281236 1.75000000 0.29988125
v -0.13281236 1.75000000 0.20613125
v -0.22656236 1.75000000 0.20613125
vt 0.30859375 0.51562500
vt 0.30078125 0.51562500
vt 0.30078125 0.50781250
vt 0.30859375 0.50781250
f 757/757 758/758 759/759 760/760
g bone_down
v -0.22656236 1.31250000 0.20613125
v -0.13281236 1.31250000 0.20613125
v -0.13281236 1.31250000 0.29988125
v -0.22656236 1.31250000 0.29988125
vt 0.41406250 0.50390625
vt 0.40625000 0.50390625
vt 0.40625000 0.51171875
vt 0.41406250 0.51171875
f 761/761 762/762 763/763 764/764
g bone_north
v -0.33593736 1.06250000 0.09675625
v -0.02343736 1.06250000 0.09675625
v -0.02343736 0.39062500 0.09675625
v -0.33593736 0.39062500 0.09675625
vt 0.14843750 0.56250000
vt 0.12890625 0.56250000
vt 0.12890625 0.50390625
vt 0.14843750 0.50390625
f 765/765 766/766 767/767 768/768
g bone_east
v -0.02343736 1.06250000 0.09675625
v -0.02343736 1.06250000 0.40925625
v -0.02343736 0.39062500 0.40925625
v -0.02343736 0.39062500 0.09675625
vt 0.16796875 0.56250000
vt 0.14843750 0.56250000
vt 0.14843750 0.50390625
vt 0.16796875 0.50390625
f 769/769 770/770 771/771 772/772
g bone_south
v -0.02343736 1.06250000 0.40925625
v -0.33593736 1.06250000 0.40925625
v -0.33593736 0.39062500 0.40925625
v -0.02343736 0.39062500 0.40925625
vt 0.46093750 0.94531250
vt 0.44140625 0.94531250
vt 0.44140625 0.88671875
vt 0.46093750 0.88671875
f 773/773 774/774 775/775 776/776
g bone_west
v -0.33593736 1.06250000 0.40925625
v -0.33593736 1.06250000 0.09675625
v -0.33593736 0.39062500 0.09675625
v -0.33593736 0.39062500 0.40925625
vt 0.43359375 0.55859375
vt 0.41406250 0.55859375
vt 0.41406250 0.50000000
vt 0.43359375 0.50000000
f 777/777 778/778 779/779 780/780
g bone_up
v -0.33593736 1.06250000 0.40925625
v -0.02343736 1.06250000 0.40925625
v -0.02343736 1.06250000 0.09675625
v -0.33593736 1.06250000 0.09675625
vt 0.60546875 0.54296875
vt 0.58593750 0.54296875
vt 0.58593750 0.52343750
vt 0.60546875 0.52343750
f 781/781 782/782 783/783 784/784
g bone_down
v -0.33593736 0.39062500 0.09675625
v -0.02343736 0.39062500 0.09675625
v -0.02343736 0.39062500 0.40925625
v -0.33593736 0.39062500 0.40925625
vt 0.60546875 0.50390625
vt 0.58593750 0.50390625
vt 0.58593750 0.52343750
vt 0.60546875 0.52343750
f 785/785 786/786 787/787 788/788
g bone_north
v -0.33593736 1.40625000 0.09675625
v -0.02343736 1.40625000 0.09675625
v -0.02343736 1.31250000 0.09675625
v -0.33593736 1.31250000 0.09675625
vt 0.62109375 0.45703125
vt 0.60156250 0.45703125
vt 0.60156250 0.44921875
vt 0.62109375 0.44921875
f 789/789 790/790 791/791 792/792
g bone_east
v -0.02343736 1.40625000 0.09675625
v -0.02343736 1.40625000 0.40925625
v -0.02343736 1.31250000 0.40925625
v -0.02343736 1.31250000 0.09675625
vt 0.62109375 0.44921875
vt 0.60156250 0.44921875
vt 0.60156250 0.44140625
vt 0.62109375 0.44140625
f 793/793 794/794 795/795 796/796
g bone_south
v -0.02343736 1.40625000 0.40925625
v -0.33593736 1.40625000 0.40925625
v -0.33593736 1.31250000 0.40925625
v -0.02343736 1.31250000 0.40925625
vt 0.62109375 0.44140625
vt 0.60156250 0.44140625
vt 0.60156250 0.43359375
vt 0.62109375 0.43359375
f 797/797 798/798 799/799 800/800
g bone_west
v -0.33593736 1.40625000 0.40925625
v -0.33593736 1.40625000 0.09675625
v -0.33593736 1.31250000 0.09675625
v -0.33593736 1.31250000 0.40925625
vt 0.62109375 0.43359375
vt 0.60156250 0.43359375
vt 0.60156250 0.42578125
vt 0.62109375 0.42578125
f 801/801 802/802 803/803 804/804
g bone_up
v -0.33593736 1.40625000 0.40925625
v -0.02343736 1.40625000 0.40925625
v -0.02343736 1.40625000 0.09675625
v -0.33593736 1.40625000 0.09675625
vt 0.60546875 0.56250000
vt 0.58593750 0.56250000
vt 0.58593750 0.54296875
vt 0.60546875 0.54296875
f 805/805 806/806 807/807 808/808
g bone_down
v -0.33593736 1.31250000 0.09675625
v -0.02343736 1.31250000 0.09675625
v -0.02343736 1.31250000 0.40925625
v -0.33593736 1.31250000 0.40925625
vt 0.47265625 0.39453125
vt 0.45312500 0.39453125
vt 0.45312500 0.41406250
vt 0.47265625 0.41406250
f 809/809 810/810 811/811 812/812
g bone_north
v -0.28906236 1.31250000 0.14363125
v -0.07031236 1.31250000 0.14363125
v -0.07031236 0.56250000 0.14363125
v -0.28906236 0.56250000 0.14363125
vt 0.39453125 0.44921875
vt 0.38281250 0.44921875
vt 0.38281250 0.40234375
vt 0.39453125 0.40234375
f 813/813 814/814 815/815 816/816
g bone_east
v -0.07031236 1.31250000 0.14363125
v -0.07031236 1.31250000 0.36238125
v -0.07031236 0.56250000 0.36238125
v -0.07031236 0.56250000 0.14363125
vt 0.56250000 0.47265625
vt 0.55078125 0.47265625
vt 0.55078125 0.42578125
vt 0.56250000 0.42578125
f 817/817 818/818 819/819 820/820
g bone_south
v -0.07031236 1.31250000 0.36238125
v -0.28906236 1.31250000 0.36238125
v -0.28906236 0.56250000 0.36238125
v -0.07031236 0.56250000 0.36238125
vt 0.56640625 0.69140625
vt 0.55468750 0.69140625
vt 0.55468750 0.64453125
vt 0.56640625 0.64453125
f 821/821 822/822 823/823 824/824
g bone_west
v -0.28906236 1.31250000 0.36238125
v -0.28906236 1.31250000 0.14363125
v -0.28906236 0.56250000 0.14363125
v -0.28906236 0.56250000 0.36238125
vt 0.56640625 0.64453125
vt 0.55468750 0.64453125
vt 0.55468750 0.59765625
vt 0.56640625 0.59765625
f 825/825 826/826 827/827 828/828
g bone_up
v -0.28906236 1.31250000 0.36238125
v -0.07031236 1.31250000 0.36238125
v -0.07031236 1.31250000 0.14363125
v -0.28906236 1.31250000 0.14363125
vt 0.61718750 0.75390625
vt 0.60546875 0.75390625
vt 0.60546875 0.74218750
vt 0.61718750 0.74218750
f 829/829 830/830 831/831 832/832
g bone_down
v -0.28906236 0.56250000 0.14363125
v -0.07031236 0.56250000 0.14363125
v -0.07031236 0.56250000 0.36238125
v -0.28906236 0.56250000 0.36238125
vt 0.61718750 0.69140625
vt 0.60546875 0.69140625
vt 0.60546875 0.70312500
vt 0.61718750 0.70312500
f 833/833 834/834 835/835 836/836
g bone6_north
v 0.14843764 1.75000000 0.20613125
v 0.24218764 1.75000000 0.20613125
v 0.24218764 1.31250000 0.20613125
v 0.14843764 1.31250000 0.20613125
vt 0.02343750 0.40234375
vt 0.01562500 0.40234375
vt 0.01562500 0.37500000
vt 0.02343750 0.37500000
f 837/837 838/838 839/839 840/840
g bone6_east
v 0.24218764 1.75000000 0.20613125
v 0.24218764 1.75000000 0.29988125
v 0.24218764 1.31250000 0.29988125
v 0.24218764 1.31250000 0.20613125
vt 0.03125000 0.40234375
vt 0.02343750 0.40234375
vt 0.02343750 0.37500000
vt 0.03125000 0.37500000
f 841/841 842/842 843/843 844/844
g bone6_south
v 0.24218764 1.75000000 0.29988125
v 0.14843764 1.75000000 0.29988125
v 0.14843764 1.31250000 0.29988125
v 0.24218764 1.31250000 0.29988125
vt 0.03906250 0.40234375
vt 0.03125000 0.40234375
vt 0.03125000 0.37500000
vt 0.03906250 0.37500000
f 845/845 846/846 847/847 848/848
g bone6_west
v 0.14843764 1.75000000 0.29988125
v 0.14843764 1.75000000 0.20613125
v 0.14843764 1.31250000 0.20613125
v 0.14843764 1.31250000 0.29988125
vt 0.04687500 0.40234375
vt 0.03906250 0.40234375
vt 0.03906250 0.37500000
vt 0.04687500 0.37500000
f 849/849 850/850 851/851 852/852
g bone6_up
v 0.14843764 1.75000000 0.29988125
v 0.24218764 1.75000000 0.29988125
v 0.24218764 1.75000000 0.20613125
v 0.14843764 1.75000000 0.20613125
vt 0.30859375 0.51562500
vt 0.30078125 0.51562500
vt 0.30078125 0.50781250
vt 0.30859375 0.50781250
f 853/853 854/854 855/855 856/856
g bone6_down
v 0.14843764 1.31250000 0.20613125
v 0.24218764 1.31250000 0.20613125
v 0.24218764 1.31250000 0.29988125
v 0.14843764 1.31250000 0.29988125
vt 0.41406250 0.50390625
vt 0.40625000 0.50390625
vt 0.40625000 0.51171875
vt 0.41406250 0.51171875
f 857/857 858/858 859/859 860/860
g bone6_north
v 0.03906264 1.06250000 0.09675625
v 0.35156264 1.06250000 0.09675625
v 0.35156264 0.39062500 0.09675625
v 0.03906264 0.39062500 0.09675625
vt 0.14843750 0.56250000
vt 0.12890625 0.56250000
vt 0.12890625 0.50390625
vt 0.14843750 0.50390625
f 861/861 862/862 863/863 864/864
g bone6_east
v 0.35156264 1.06250000 0.09675625
v 0.35156264 1.06250000 0.40925625
v 0.35156264 0.39062500 0.40925625
v 0.35156264 0.39062500 0.09675625
vt 0.16796875 0.56250000
vt 0.14843750 0.56250000
vt 0.14843750 0.50390625
vt 0.16796875 0.50390625
f 865/865 866/866 867/867 868/868
g bone6_south
v 0.35156264 1.06250000 0.40925625
v 0.03906264 1.06250000 0.40925625
v 0.03906264 0.39062500 0.40925625
v 0.35156264 0.39062500 0.40925625
vt 0.46093750 0.94531250
vt 0.44140625 0.94531250
vt 0.44140625 0.88671875
vt 0.46093750 0.88671875
f 869/869 870/870 871/871 872/872
g bone6_west
v 0.03906264 1.06250000 0.40925625
v 0.03906264 1.06250000 0.09675625
v 0.03906264 0.39062500 0.09675625
v 0.03906264 0.39062500 0.40925625
vt 0.43359375 0.55859375
vt 0.41406250 0.55859375
vt 0.41406250 0.50000000
vt 0.43359375 0.50000000
f 873/873 874/874 875/875 876/876
g bone6_up
v 0.03906264 1.06250000 0.40925625
v 0.35156264 1.06250000 0.40925625
v 0.35156264 1.06250000 0.09675625
v 0.03906264 1.06250000 0.09675625
vt 0.60546875 0.54296875
vt 0.58593750 0.54296875
vt 0.58593750 0.52343750
vt 0.60546875 0.52343750
f 877/877 878/878 879/879 880/880
g bone6_down
v 0.03906264 0.39062500 0.09675625
v 0.35156264 0.39062500 0.09675625
v 0.35156264 0.39062500 0.40925625
v 0.03906264 0.39062500 0.40925625
vt 0.60546875 0.50390625
vt 0.58593750 0.50390625
vt 0.58593750 0.52343750
vt 0.60546875 0.52343750
f 881/881 882/882 883/883 884/884
g bone6_north
v 0.03906264 1.40625000 0.09675625
v 0.35156264 1.40625000 0.09675625
v 0.35156264 1.31250000 0.09675625
v 0.03906264 1.31250000 0.09675625
vt 0.62109375 0.45703125
vt 0.60156250 0.45703125
vt 0.60156250 0.44921875
vt 0.62109375 0.44921875
f 885/885 886/886 887/887 888/888
g bone6_east
v 0.35156264 1.40625000 0.09675625
v 0.35156264 1.40625000 0.40925625
v 0.35156264 1.31250000 0.40925625
v 0.35156264 1.31250000 0.09675625
vt 0.62109375 0.44921875
vt 0.60156250 0.44921875
vt 0.60156250 0.44140625
vt 0.62109375 0.44140625
f 889/889 890/890 891/891 892/892
g bone6_south
v 0.35156264 1.40625000 0.40925625
v 0.03906264 1.40625000 0.40925625
v 0.03906264 1.31250000 0.40925625
v 0.35156264 1.31250000 0.40925625
vt 0.62109375 0.44140625
vt 0.60156250 0.44140625
vt 0.60156250 0.43359375
vt 0.62109375 0.43359375
f 893/893 894/894 895/895 896/896
g bone6_west
v 0.03906264 1.40625000 0.40925625
v 0.03906264 1.40625000 0.09675625
v 0.03906264 1.31250000 0.09675625
v 0.03906264 1.31250000 0.40925625
vt 0.62109375 0.43359375
vt 0.60156250 0.43359375
vt 0.60156250 0.42578125
vt 0.62109375 0.42578125
f 897/897 898/898 899/899 900/900
g bone6_up
v 0.03906264 1.40625000 0.40925625
v 0.35156264 1.40625000 0.40925625
v 0.35156264 1.40625000 0.09675625
v 0.03906264 1.40625000 0.09675625
vt 0.60546875 0.56250000
vt 0.58593750 0.56250000
vt 0.58593750 0.54296875
vt 0.60546875 0.54296875
f 901/901 902/902 903/903 904/904
g bone6_down
v 0.03906264 1.31250000 0.09675625
v 0.35156264 1.31250000 0.09675625
v 0.35156264 1.31250000 0.40925625
v 0.03906264 1.31250000 0.40925625
vt 0.47265625 0.39453125
vt 0.45312500 0.39453125
vt 0.45312500 0.41406250
vt 0.47265625 0.41406250
f 905/905 906/906 907/907 908/908
g bone6_north
v 0.08593764 1.31250000 0.14363125
v 0.30468764 1.31250000 0.14363125
v 0.30468764 0.56250000 0.14363125
v 0.08593764 0.56250000 0.14363125
vt 0.39453125 0.44921875
vt 0.38281250 0.44921875
vt 0.38281250 0.40234375
vt 0.39453125 0.40234375
f 909/909 910/910 911/911 912/912
g bone6_east
v 0.30468764 1.31250000 0.14363125
v 0.30468764 1.31250000 0.36238125
v 0.30468764 0.56250000 0.36238125
v 0.30468764 0.56250000 0.14363125
vt 0.56250000 0.47265625
vt 0.55078125 0.47265625
vt 0.55078125 0.42578125
vt 0.56250000 0.42578125
f 913/913 914/914 915/915 916/916
g bone6_south
v 0.30468764 1.31250000 0.36238125
v 0.08593764 1.31250000 0.36238125
v 0.08593764 0.56250000 0.36238125
v 0.30468764 0.56250000 0.36238125
vt 0.56640625 0.69140625
vt 0.55468750 0.69140625
vt 0.55468750 0.64453125
vt 0.56640625 0.64453125
f 917/917 918/918 919/919 920/920
g bone6_west
v 0.08593764 1.31250000 0.36238125
v 0.08593764 1.31250000 0.14363125
v 0.08593764 0.56250000 0.14363125
v 0.08593764 0.56250000 0.36238125
vt 0.56640625 0.64453125
vt 0.55468750 0.64453125
vt 0.55468750 0.59765625
vt 0.56640625 0.59765625
f 921/921 922/922 923/923 924/924
g bone6_up
v 0.08593764 1.31250000 0.36238125
v 0.30468764 1.31250000 0.36238125
v 0.30468764 1.31250000 0.14363125
v 0.08593764 1.31250000 0.14363125
vt 0.61718750 0.75390625
vt 0.60546875 0.75390625
vt 0.60546875 0.74218750
vt 0.61718750 0.74218750
f 925/925 926/926 927/927 928/928
g bone6_down
v 0.08593764 0.56250000 0.14363125
v 0.30468764 0.56250000 0.14363125
v 0.30468764 0.56250000 0.36238125
v 0.08593764 0.56250000 0.36238125
vt 0.61718750 0.69140625
vt 0.60546875 0.69140625
vt 0.60546875 0.70312500
vt 0.61718750 0.70312500
f 929/929 930/930 931/931 932/932
g bone7_north
v 0.14843764 1.75000000 0.56550625
v 0.24218764 1.75000000 0.56550625
v 0.24218764 1.31250000 0.56550625
v 0.14843764 1.31250000 0.56550625
vt 0.02343750 0.40234375
vt 0.01562500 0.40234375
vt 0.01562500 0.37500000
vt 0.02343750 0.37500000
f 933/933 934/934 935/935 936/936
g bone7_east
v 0.24218764 1.75000000 0.56550625
v 0.24218764 1.75000000 0.65925625
v 0.24218764 1.31250000 0.65925625
v 0.24218764 1.31250000 0.56550625
vt 0.03125000 0.40234375
vt 0.02343750 0.40234375
vt 0.02343750 0.37500000
vt 0.03125000 0.37500000
f 937/937 938/938 939/939 940/940
g bone7_south
v 0.24218764 1.75000000 0.65925625
v 0.14843764 1.75000000 0.65925625
v 0.14843764 1.31250000 0.65925625
v 0.24218764 1.31250000 0.65925625
vt 0.03906250 0.40234375
vt 0.03125000 0.40234375
vt 0.03125000 0.37500000
vt 0.03906250 0.37500000
f 941/941 942/942 943/943 944/944
g bone7_west
v 0.14843764 1.75000000 0.65925625
v 0.14843764 1.75000000 0.56550625
v 0.14843764 1.31250000 0.56550625
v 0.14843764 1.31250000 0.65925625
vt 0.04687500 0.40234375
vt 0.03906250 0.40234375
vt 0.03906250 0.37500000
vt 0.04687500 0.37500000
f 945/945 946/946 947/947 948/948
g bone7_up
v 0.14843764 1.75000000 0.65925625
v 0.24218764 1.75000000 0.65925625
v 0.24218764 1.75000000 0.56550625
v 0.14843764 1.75000000 0.56550625
vt 0.30859375 0.51562500
vt 0.30078125 0.51562500
vt 0.30078125 0.50781250
vt 0.30859375 0.50781250
f 949/949 950/950 951/951 952/952
g bone7_down
v 0.14843764 1.31250000 0.56550625
v 0.24218764 1.31250000 0.56550625
v 0.24218764 1.31250000 0.65925625
v 0.14843764 1.31250000 0.65925625
vt 0.41406250 0.50390625
vt 0.40625000 0.50390625
vt 0.40625000 0.51171875
vt 0.41406250 0.51171875
f 953/953 954/954 955/955 956/956
g bone7_north
v 0.03906264 1.06250000 0.45613125
v 0.35156264 1.06250000 0.45613125
v 0.35156264 0.39062500 0.45613125
v 0.03906264 0.39062500 0.45613125
vt 0.14843750 0.56250000
vt 0.12890625 0.56250000
vt 0.12890625 0.50390625
vt 0.14843750 0.50390625
f 957/957 958/958 959/959 960/960
g bone7_east
v 0.35156264 1.06250000 0.45613125
v 0.35156264 1.06250000 0.76863125
v 0.35156264 0.39062500 0.76863125
v 0.35156264 0.39062500 0.45613125
vt 0.16796875 0.56250000
vt 0.14843750 0.56250000
vt 0.14843750 0.50390625
vt 0.16796875 0.50390625
f 961/961 962/962 963/963 964/964
g bone7_south
v 0.35156264 1.06250000 0.76863125
v 0.03906264 1.06250000 0.76863125
v 0.03906264 0.39062500 0.76863125
v 0.35156264 0.39062500 0.76863125
vt 0.46093750 0.94531250
vt 0.44140625 0.94531250
vt 0.44140625 0.88671875
vt 0.46093750 0.88671875
f 965/965 966/966 967/967 968/968
g bone7_west
v 0.03906264 1.06250000 0.76863125
v 0.03906264 1.06250000 0.45613125
v 0.03906264 0.39062500 0.45613125
v 0.03906264 0.39062500 0.76863125
vt 0.43359375 0.55859375
vt 0.41406250 0.55859375
vt 0.41406250 0.50000000
vt 0.43359375 0.50000000
f 969/969 970/970 971/971 972/972
g bone7_up
v 0.03906264 1.06250000 0.76863125
v 0.35156264 1.06250000 0.76863125
v 0.35156264 1.06250000 0.45613125
v 0.03906264 1.06250000 0.45613125
vt 0.60546875 0.54296875
vt 0.58593750 0.54296875
vt 0.58593750 0.52343750
vt 0.60546875 0.52343750
f 973/973 974/974 975/975 976/976
g bone7_down
v 0.03906264 0.39062500 0.45613125
v 0.35156264 0.39062500 0.45613125
v 0.35156264 0.39062500 0.76863125
v 0.03906264 0.39062500 0.76863125
vt 0.60546875 0.50390625
vt 0.58593750 0.50390625
vt 0.58593750 0.52343750
vt 0.60546875 0.52343750
f 977/977 978/978 979/979 980/980
g bone7_north
v 0.03906264 1.40625000 0.45613125
v 0.35156264 1.40625000 0.45613125
v 0.35156264 1.31250000 0.45613125
v 0.03906264 1.31250000 0.45613125
vt 0.62109375 0.45703125
vt 0.60156250 0.45703125
vt 0.60156250 0.44921875
vt 0.62109375 0.44921875
f 981/981 982/982 983/983 984/984
g bone7_east
v 0.35156264 1.40625000 0.45613125
v 0.35156264 1.40625000 0.76863125
v 0.35156264 1.31250000 0.76863125
v 0.35156264 1.31250000 0.45613125
vt 0.62109375 0.44921875
vt 0.60156250 0.44921875
vt 0.60156250 0.44140625
vt 0.62109375 0.44140625
f 985/985 986/986 987/987 988/988
g bone7_south
v 0.35156264 1.40625000 0.76863125
v 0.03906264 1.40625000 0.76863125
v 0.03906264 1.31250000 0.76863125
v 0.35156264 1.31250000 0.76863125
vt 0.62109375 0.44140625
vt 0.60156250 0.44140625
vt 0.60156250 0.43359375
vt 0.62109375 0.43359375
f 989/989 990/990 991/991 992/992
g bone7_west
v 0.03906264 1.40625000 0.76863125
v 0.03906264 1.40625000 0.45613125
v 0.03906264 1.31250000 0.45613125
v 0.03906264 1.31250000 0.76863125
vt 0.62109375 0.43359375
vt 0.60156250 0.43359375
vt 0.60156250 0.42578125
vt 0.62109375 0.42578125
f 993/993 994/994 995/995 996/996
g bone7_up
v 0.03906264 1.40625000 0.76863125
v 0.35156264 1.40625000 0.76863125
v 0.35156264 1.40625000 0.45613125
v 0.03906264 1.40625000 0.45613125
vt 0.60546875 0.56250000
vt 0.58593750 0.56250000
vt 0.58593750 0.54296875
vt 0.60546875 0.54296875
f 997/997 998/998 999/999 1000/1000
g bone7_down
v 0.03906264 1.31250000 0.45613125
v 0.35156264 1.31250000 0.45613125
v 0.35156264 1.31250000 0.76863125
v 0.03906264 1.31250000 0.76863125
vt 0.47265625 0.39453125
vt 0.45312500 0.39453125
vt 0.45312500 0.41406250
vt 0.47265625 0.41406250
f 1001/1001 1002/1002 1003/1003 1004/1004
g bone7_north
v 0.08593764 1.31250000 0.50300625
v 0.30468764 1.31250000 0.50300625
v 0.30468764 0.56250000 0.50300625
v 0.08593764 0.56250000 0.50300625
vt 0.39453125 0.44921875
vt 0.38281250 0.44921875
vt 0.38281250 0.40234375
vt 0.39453125 0.40234375
f 1005/1005 1006/1006 1007/1007 1008/1008
g bone7_east
v 0.30468764 1.31250000 0.50300625
v 0.30468764 1.31250000 0.72175625
v 0.30468764 0.56250000 0.72175625
v 0.30468764 0.56250000 0.50300625
vt 0.56250000 0.47265625
vt 0.55078125 0.47265625
vt 0.55078125 0.42578125
vt 0.56250000 0.42578125
f 1009/1009 1010/1010 1011/1011 1012/1012
g bone7_south
v 0.30468764 1.31250000 0.72175625
v 0.08593764 1.31250000 0.72175625
v 0.08593764 0.56250000 0.72175625
v 0.30468764 0.56250000 0.72175625
vt 0.56640625 0.69140625
vt 0.55468750 0.69140625
vt 0.55468750 0.64453125
vt 0.56640625 0.64453125
f 1013/1013 1014/1014 1015/1015 1016/1016
g bone7_west
v 0.08593764 1.31250000 0.72175625
v 0.08593764 1.31250000 0.50300625
v 0.08593764 0.56250000 0.50300625
v 0.08593764 0.56250000 0.72175625
vt 0.56640625 0.64453125
vt 0.55468750 0.64453125
vt 0.55468750 0.59765625
vt 0.56640625 0.59765625
f 1017/1017 1018/1018 1019/1019 1020/1020
g bone7_up
v 0.08593764 1.31250000 0.72175625
v 0.30468764 1.31250000 0.72175625
v 0.30468764 1.31250000 0.50300625
v 0.08593764 1.31250000 0.50300625
vt 0.61718750 0.75390625
vt 0.60546875 0.75390625
vt 0.60546875 0.74218750
vt 0.61718750 0.74218750
f 1021/1021 1022/1022 1023/1023 1024/1024
g bone7_down
v 0.08593764 0.56250000 0.50300625
v 0.30468764 0.56250000 0.50300625
v 0.30468764 0.56250000 0.72175625
v 0.08593764 0.56250000 0.72175625
vt 0.61718750 0.69140625
vt 0.60546875 0.69140625
vt 0.60546875 0.70312500
vt 0.61718750 0.70312500
f 1025/1025 1026/1026 1027/1027 1028/1028
g bone8_north
v -0.22656236 1.75000000 0.56550625
v -0.13281236 1.75000000 0.56550625
v -0.13281236 1.31250000 0.56550625
v -0.22656236 1.31250000 0.56550625
vt 0.02343750 0.40234375
vt 0.01562500 0.40234375
vt 0.01562500 0.37500000
vt 0.02343750 0.37500000
f 1029/1029 1030/1030 1031/1031 1032/1032
g bone8_east
v -0.13281236 1.75000000 0.56550625
v -0.13281236 1.75000000 0.65925625
v -0.13281236 1.31250000 0.65925625
v -0.13281236 1.31250000 0.56550625
vt 0.03125000 0.40234375
vt 0.02343750 0.40234375
vt 0.02343750 0.37500000
vt 0.03125000 0.37500000
f 1033/1033 1034/1034 1035/1035 1036/1036
g bone8_south
v -0.13281236 1.75000000 0.65925625
v -0.22656236 1.75000000 0.65925625
v -0.22656236 1.31250000 0.65925625
v -0.13281236 1.31250000 0.65925625
vt 0.03906250 0.40234375
vt 0.03125000 0.40234375
vt 0.03125000 0.37500000
vt 0.03906250 0.37500000
f 1037/1037 1038/1038 1039/1039 1040/1040
g bone8_west
v -0.22656236 1.75000000 0.65925625
v -0.22656236 1.75000000 0.56550625
v -0.22656236 1.31250000 0.56550625
v -0.22656236 1.31250000 0.65925625
vt 0.04687500 0.40234375
vt 0.03906250 0.40234375
vt 0.03906250 0.37500000
vt 0.04687500 0.37500000
f 1041/1041 1042/1042 1043/1043 1044/1044
g bone8_up
v -0.22656236 1.75000000 0.65925625
v -0.13281236 1.75000000 0.65925625
v -0.13281236 1.75000000 0.56550625
v -0.22656236 1.75000000 0.56550625
vt 0.30859375 0.51562500
vt 0.30078125 0.51562500
vt 0.30078125 0.50781250
vt 0.30859375 0.50781250
f 1045/1045 1046/1046 1047/1047 1048/1048
g bone8_down
v -0.22656236 1.31250000 0.56550625
v -0.13281236 1.31250000 0.56550625
v -0.13281236 1.31250000 0.65925625
v -0.22656236 1.31250000 0.65925625
vt 0.41406250 0.50390625
vt 0.40625000 0.50390625
vt 0.40625000 0.51171875
vt 0.41406250 0.51171875
f 1049/1049 1050/1050 1051/1051 1052/1052
g bone8_north
v -0.33593736 1.06250000 0.45613125
v -0.02343736 1.06250000 0.45613125
v -0.02343736 0.39062500 0.45613125
v -0.33593736 0.39062500 0.45613125
vt 0.14843750 0.56250000
vt 0.12890625 0.56250000
vt 0.12890625 0.50390625
vt 0.14843750 0.50390625
f 1053/1053 1054/1054 1055/1055 1056/1056
g bone8_east
v -0.02343736 1.06250000 0.45613125
v -0.02343736 1.06250000 0.76863125
v -0.02343736 0.39062500 0.76863125
v -0.02343736 0.39062500 0.45613125
vt 0.16796875 0.56250000
vt 0.14843750 0.56250000
vt 0.14843750 0.50390625
vt 0.16796875 0.50390625
f 1057/1057 1058/1058 1059/1059 1060/1060
g bone8_south
v -0.02343736 1.06250000 0.76863125
v -0.33593736 1.06250000 0.76863125
v -0.33593736 0.39062500 0.76863125
v -0.02343736 0.39062500 0.76863125
vt 0.46093750 0.94531250
vt 0.44140625 0.94531250
vt 0.44140625 0.88671875
vt 0.46093750 0.88671875
f 1061/1061 1062/1062 1063/1063 1064/1064
g bone8_west
v -0.33593736 1.06250000 0.76863125
v -0.33593736 1.06250000 0.45613125
v -0.33593736 0.39062500 0.45613125
v -0.33593736 0.39062500 0.76863125
vt 0.43359375 0.55859375
vt 0.41406250 0.55859375
vt 0.41406250 0.50000000
vt 0.43359375 0.50000000
f 1065/1065 1066/1066 1067/1067 1068/1068
g bone8_up
v -0.33593736 1.06250000 0.76863125
v -0.02343736 1.06250000 0.76863125
v -0.02343736 1.06250000 0.45613125
v -0.33593736 1.06250000 0.45613125
vt 0.60546875 0.54296875
vt 0.58593750 0.54296875
vt 0.58593750 0.52343750
vt 0.60546875 0.52343750
f 1069/1069 1070/1070 1071/1071 1072/1072
g bone8_down
v -0.33593736 0.39062500 0.45613125
v -0.02343736 0.39062500 0.45613125
v -0.02343736 0.39062500 0.76863125
v -0.33593736 0.39062500 0.76863125
vt 0.60546875 0.50390625
vt 0.58593750 0.50390625
vt 0.58593750 0.52343750
vt 0.60546875 0.52343750
f 1073/1073 1074/1074 1075/1075 1076/1076
g bone8_north
v -0.33593736 1.40625000 0.45613125
v -0.02343736 1.40625000 0.45613125
v -0.02343736 1.31250000 0.45613125
v -0.33593736 1.31250000 0.45613125
vt 0.62109375 0.45703125
vt 0.60156250 0.45703125
vt 0.60156250 0.44921875
vt 0.62109375 0.44921875
f 1077/1077 1078/1078 1079/1079 1080/1080
g bone8_east
v -0.02343736 1.40625000 0.45613125
v -0.02343736 1.40625000 0.76863125
v -0.02343736 1.31250000 0.76863125
v -0.02343736 1.31250000 0.45613125
vt 0.62109375 0.44921875
vt 0.60156250 0.44921875
vt 0.60156250 0.44140625
vt 0.62109375 0.44140625
f 1081/1081 1082/1082 1083/1083 1084/1084
g bone8_south
v -0.02343736 1.40625000 0.76863125
v -0.33593736 1.40625000 0.76863125
v -0.33593736 1.31250000 0.76863125
v -0.02343736 1.31250000 0.76863125
vt 0.62109375 0.44140625
vt 0.60156250 0.44140625
vt 0.60156250 0.43359375
vt 0.62109375 0.43359375
f 1085/1085 1086/1086 1087/1087 1088/1088
g bone8_west
v -0.33593736 1.40625000 0.76863125
v -0.33593736 1.40625000 0.45613125
v -0.33593736 1.31250000 0.45613125
v -0.33593736 1.31250000 0.76863125
vt 0.62109375 0.43359375
vt 0.60156250 0.43359375
vt 0.60156250 0.42578125
vt 0.62109375 0.42578125
f 1089/1089 1090/1090 1091/1091 1092/1092
g bone8_up
v -0.33593736 1.40625000 0.76863125
v -0.02343736 1.40625000 0.76863125
v -0.02343736 1.40625000 0.45613125
v -0.33593736 1.40625000 0.45613125
vt 0.60546875 0.56250000
vt 0.58593750 0.56250000
vt 0.58593750 0.54296875
vt 0.60546875 0.54296875
f 1093/1093 1094/1094 1095/1095 1096/1096
g bone8_down
v -0.33593736 1.31250000 0.45613125
v -0.02343736 1.31250000 0.45613125
v -0.02343736 1.31250000 0.76863125
v -0.33593736 1.31250000 0.76863125
vt 0.47265625 0.39453125
vt 0.45312500 0.39453125
vt 0.45312500 0.41406250
vt 0.47265625 0.41406250
f 1097/1097 1098/1098 1099/1099 1100/1100
g bone8_north
v -0.28906236 1.31250000 0.50300625
v -0.07031236 1.31250000 0.50300625
v -0.07031236 0.56250000 0.50300625
v -0.28906236 0.56250000 0.50300625
vt 0.39453125 0.44921875
vt 0.38281250 0.44921875
vt 0.38281250 0.40234375
vt 0.39453125 0.40234375
f 1101/1101 1102/1102 1103/1103 1104/1104
g bone8_east
v -0.07031236 1.31250000 0.50300625
v -0.07031236 1.31250000 0.72175625
v -0.07031236 0.56250000 0.72175625
v -0.07031236 0.56250000 0.50300625
vt 0.56250000 0.47265625
vt 0.55078125 0.47265625
vt 0.55078125 0.42578125
vt 0.56250000 0.42578125
f 1105/1105 1106/1106 1107/1107 1108/1108
g bone8_south
v -0.07031236 1.31250000 0.72175625
v -0.28906236 1.31250000 0.72175625
v -0.28906236 0.56250000 0.72175625
v -0.07031236 0.56250000 0.72175625
vt 0.56640625 0.69140625
vt 0.55468750 0.69140625
vt 0.55468750 0.64453125
vt 0.56640625 0.64453125
f 1109/1109 1110/1110 1111/1111 1112/1112
g bone8_west
v -0.28906236 1.31250000 0.72175625
v -0.28906236 1.31250000 0.50300625
v -0.28906236 0.56250000 0.50300625
v -0.28906236 0.56250000 0.72175625
vt 0.56640625 0.64453125
vt 0.55468750 0.64453125
vt 0.55468750 0.59765625
vt 0.56640625 0.59765625
f 1113/1113 1114/1114 1115/1115 1116/1116
g bone8_up
v -0.28906236 1.31250000 0.72175625
v -0.07031236 1.31250000 0.72175625
v -0.07031236 1.31250000 0.50300625
v -0.28906236 1.31250000 0.50300625
vt 0.61718750 0.75390625
vt 0.60546875 0.75390625
vt 0.60546875 0.74218750
vt 0.61718750 0.74218750
f 1117/1117 1118/1118 1119/1119 1120/1120
g bone8_down
v -0.28906236 0.56250000 0.50300625
v -0.07031236 0.56250000 0.50300625
v -0.07031236 0.56250000 0.72175625
v -0.28906236 0.56250000 0.72175625
vt 0.61718750 0.69140625
vt 0.60546875 0.69140625
vt 0.60546875 0.70312500
vt 0.61718750 0.70312500
f 1121/1121 1122/1122 1123/1123 1124/1124
g bone9_north
v 0.14843764 1.75000000 1.25300625
v 0.24218764 1.75000000 1.25300625
v 0.24218764 1.31250000 1.25300625
v 0.14843764 1.31250000 1.25300625
vt 0.02343750 0.40234375
vt 0.01562500 0.40234375
vt 0.01562500 0.37500000
vt 0.02343750 0.37500000
f 1125/1125 1126/1126 1127/1127 1128/1128
g bone9_east
v 0.24218764 1.75000000 1.25300625
v 0.24218764 1.75000000 1.34675625
v 0.24218764 1.31250000 1.34675625
v 0.24218764 1.31250000 1.25300625
vt 0.03125000 0.40234375
vt 0.02343750 0.40234375
vt 0.02343750 0.37500000
vt 0.03125000 0.37500000
f 1129/1129 1130/1130 1131/1131 1132/1132
g bone9_south
v 0.24218764 1.75000000 1.34675625
v 0.14843764 1.75000000 1.34675625
v 0.14843764 1.31250000 1.34675625
v 0.24218764 1.31250000 1.34675625
vt 0.03906250 0.40234375
vt 0.03125000 0.40234375
vt 0.03125000 0.37500000
vt 0.03906250 0.37500000
f 1133/1133 1134/1134 1135/1135 1136/1136
g bone9_west
v 0.14843764 1.75000000 1.34675625
v 0.14843764 1.75000000 1.25300625
v 0.14843764 1.31250000 1.25300625
v 0.14843764 1.31250000 1.34675625
vt 0.04687500 0.40234375
vt 0.03906250 0.40234375
vt 0.03906250 0.37500000
vt 0.04687500 0.37500000
f 1137/1137 1138/1138 1139/1139 1140/1140
g bone9_up
v 0.14843764 1.75000000 1.34675625
v 0.24218764 1.75000000 1.34675625
v 0.24218764 1.75000000 1.25300625
v 0.14843764 1.75000000 1.25300625
vt 0.30859375 0.51562500
vt 0.30078125 0.51562500
vt 0.30078125 0.50781250
vt 0.30859375 0.50781250
f 1141/1141 1142/1142 1143/1143 1144/1144
g bone9_down
v 0.14843764 1.31250000 1.25300625
v 0.24218764 1.31250000 1.25300625
v 0.24218764 1.31250000 1.34675625
v 0.14843764 1.31250000 1.34675625
vt 0.41406250 0.50390625
vt 0.40625000 0.50390625
vt 0.40625000 0.51171875
vt 0.41406250 0.51171875
f 1145/1145 1146/1146 1147/1147 1148/1148
g bone9_north
v 0.03906264 1.06250000 1.14363125
v 0.35156264 1.06250000 1.14363125
v 0.35156264 0.39062500 1.14363125
v 0.03906264 0.39062500 1.14363125
vt 0.14843750 0.56250000
vt 0.12890625 0.56250000
vt 0.12890625 0.50390625
vt 0.14843750 0.50390625
f 1149/1149 1150/1150 1151/1151 1152/1152
g bone9_east
v 0.35156264 1.06250000 1.14363125
v 0.35156264 1.06250000 1.45613125
v 0.35156264 0.39062500 1.45613125
v 0.35156264 0.39062500 1.14363125
vt 0.16796875 0.56250000
vt 0.14843750 0.56250000
vt 0.14843750 0.50390625
vt 0.16796875 0.50390625
f 1153/1153 1154/1154 1155/1155 1156/1156
g bone9_south
v 0.35156264 1.06250000 1.45613125
v 0.03906264 1.06250000 1.45613125
v 0.03906264 0.39062500 1.45613125
v 0.35156264 0.39062500 1.45613125
vt 0.46093750 0.94531250
vt 0.44140625 0.94531250
vt 0.44140625 0.88671875
vt 0.46093750 0.88671875
f 1157/1157 1158/1158 1159/1159 1160/1160
g bone9_west
v 0.03906264 1.06250000 1.45613125
v 0.03906264 1.06250000 1.14363125
v 0.03906264 0.39062500 1.14363125
v 0.03906264 0.39062500 1.45613125
vt 0.43359375 0.55859375
vt 0.41406250 0.55859375
vt 0.41406250 0.50000000
vt 0.43359375 0.50000000
f 1161/1161 1162/1162 1163/1163 1164/1164
g bone9_up
v 0.03906264 1.06250000 1.45613125
v 0.35156264 1.06250000 1.45613125
v 0.35156264 1.06250000 1.14363125
v 0.03906264 1.06250000 1.14363125
vt 0.60546875 0.54296875
vt 0.58593750 0.54296875
vt 0.58593750 0.52343750
vt 0.60546875 0.52343750
f 1165/1165 1166/1166 1167/1167 1168/1168
g bone9_down
v 0.03906264 0.39062500 1.14363125
v 0.35156264 0.39062500 1.14363125
v 0.35156264 0.39062500 1.45613125
v 0.03906264 0.39062500 1.45613125
vt 0.60546875 0.50390625
vt 0.58593750 0.50390625
vt 0.58593750 0.52343750
vt 0.60546875 0.52343750
f 1169/1169 1170/1170 1171/1171 1172/1172
g bone9_north
v 0.03906264 1.40625000 1.14363125
v 0.35156264 1.40625000 1.14363125
v 0.35156264 1.31250000 1.14363125
v 0.03906264 1.31250000 1.14363125
vt 0.62109375 0.45703125
vt 0.60156250 0.45703125
vt 0.60156250 0.44921875
vt 0.62109375 0.44921875
f 1173/1173 1174/1174 1175/1175 1176/1176
g bone9_east
v 0.35156264 1.40625000 1.14363125
v 0.35156264 1.40625000 1.45613125
v 0.35156264 1.31250000 1.45613125
v 0.35156264 1.31250000 1.14363125
vt 0.62109375 0.44921875
vt 0.60156250 0.44921875
vt 0.60156250 0.44140625
vt 0.62109375 0.44140625
f 1177/1177 1178/1178 1179/1179 1180/1180
g bone9_south
v 0.35156264 1.40625000 1.45613125
v 0.03906264 1.40625000 1.45613125
v 0.03906264 1.31250000 1.45613125
v 0.35156264 1.31250000 1.45613125
vt 0.62109375 0.44140625
vt 0.60156250 0.44140625
vt 0.60156250 0.43359375
vt 0.62109375 0.43359375
f 1181/1181 1182/1182 1183/1183 1184/1184
g bone9_west
v 0.03906264 1.40625000 1.45613125
v 0.03906264 1.40625000 1.14363125
v 0.03906264 1.31250000 1.14363125
v 0.03906264 1.31250000 1.45613125
vt 0.62109375 0.43359375
vt 0.60156250 0.43359375
vt 0.60156250 0.42578125
vt 0.62109375 0.42578125
f 1185/1185 1186/1186 1187/1187 1188/1188
g bone9_up
v 0.03906264 1.40625000 1.45613125
v 0.35156264 1.40625000 1.45613125
v 0.35156264 1.40625000 1.14363125
v 0.03906264 1.40625000 1.14363125
vt 0.60546875 0.56250000
vt 0.58593750 0.56250000
vt 0.58593750 0.54296875
vt 0.60546875 0.54296875
f 1189/1189 1190/1190 1191/1191 1192/1192
g bone9_down
v 0.03906264 1.31250000 1.14363125
v 0.35156264 1.31250000 1.14363125
v 0.35156264 1.31250000 1.45613125
v 0.03906264 1.31250000 1.45613125
vt 0.47265625 0.39453125
vt 0.45312500 0.39453125
vt 0.45312500 0.41406250
vt 0.47265625 0.41406250
f 1193/1193 1194/1194 1195/1195 1196/1196
g bone9_north
v 0.08593764 1.31250000 1.19050625
v 0.30468764 1.31250000 1.19050625
v 0.30468764 0.56250000 1.19050625
v 0.08593764 0.56250000 1.19050625
vt 0.39453125 0.44921875
vt 0.38281250 0.44921875
vt 0.38281250 0.40234375
vt 0.39453125 0.40234375
f 1197/1197 1198/1198 1199/1199 1200/1200
g bone9_east
v 0.30468764 1.31250000 1.19050625
v 0.30468764 1.31250000 1.40925625
v 0.30468764 0.56250000 1.40925625
v 0.30468764 0.56250000 1.19050625
vt 0.56250000 0.47265625
vt 0.55078125 0.47265625
vt 0.55078125 0.42578125
vt 0.56250000 0.42578125
f 1201/1201 1202/1202 1203/1203 1204/1204
g bone9_south
v 0.30468764 1.31250000 1.40925625
v 0.08593764 1.31250000 1.40925625
v 0.08593764 0.56250000 1.40925625
v 0.30468764 0.56250000 1.40925625
vt 0.56640625 0.69140625
vt 0.55468750 0.69140625
vt 0.55468750 0.64453125
vt 0.56640625 0.64453125
f 1205/1205 1206/1206 1207/1207 1208/1208
g bone9_west
v 0.08593764 1.31250000 1.40925625
v 0.08593764 1.31250000 1.19050625
v 0.08593764 0.56250000 1.19050625
v 0.08593764 0.56250000 1.40925625
vt 0.56640625 0.64453125
vt 0.55468750 0.64453125
vt 0.55468750 0.59765625
vt 0.56640625 0.59765625
f 1209/1209 1210/1210 1211/1211 1212/1212
g bone9_up
v 0.08593764 1.31250000 1.40925625
v 0.30468764 1.31250000 1.40925625
v 0.30468764 1.31250000 1.19050625
v 0.08593764 1.31250000 1.19050625
vt 0.61718750 0.75390625
vt 0.60546875 0.75390625
vt 0.60546875 0.74218750
vt 0.61718750 0.74218750
f 1213/1213 1214/1214 1215/1215 1216/1216
g bone9_down
v 0.08593764 0.56250000 1.19050625
v 0.30468764 0.56250000 1.19050625
v 0.30468764 0.56250000 1.40925625
v 0.08593764 0.56250000 1.40925625
vt 0.61718750 0.69140625
vt 0.60546875 0.69140625
vt 0.60546875 0.70312500
vt 0.61718750 0.70312500
f 1217/1217 1218/1218 1219/1219 1220/1220
g bone10_north
v -0.22656236 1.75000000 1.25300625
v -0.13281236 1.75000000 1.25300625
v -0.13281236 1.31250000 1.25300625
v -0.22656236 1.31250000 1.25300625
vt 0.02343750 0.40234375
vt 0.01562500 0.40234375
vt 0.01562500 0.37500000
vt 0.02343750 0.37500000
f 1221/1221 1222/1222 1223/1223 1224/1224
g bone10_east
v -0.13281236 1.75000000 1.25300625
v -0.13281236 1.75000000 1.34675625
v -0.13281236 1.31250000 1.34675625
v -0.13281236 1.31250000 1.25300625
vt 0.03125000 0.40234375
vt 0.02343750 0.40234375
vt 0.02343750 0.37500000
vt 0.03125000 0.37500000
f 1225/1225 1226/1226 1227/1227 1228/1228
g bone10_south
v -0.13281236 1.75000000 1.34675625
v -0.22656236 1.75000000 1.34675625
v -0.22656236 1.31250000 1.34675625
v -0.13281236 1.31250000 1.34675625
vt 0.03906250 0.40234375
vt 0.03125000 0.40234375
vt 0.03125000 0.37500000
vt 0.03906250 0.37500000
f 1229/1229 1230/1230 1231/1231 1232/1232
g bone10_west
v -0.22656236 1.75000000 1.34675625
v -0.22656236 1.75000000 1.25300625
v -0.22656236 1.31250000 1.25300625
v -0.22656236 1.31250000 1.34675625
vt 0.04687500 0.40234375
vt 0.03906250 0.40234375
vt 0.03906250 0.37500000
vt 0.04687500 0.37500000
f 1233/1233 1234/1234 1235/1235 1236/1236
g bone10_up
v -0.22656236 1.75000000 1.34675625
v -0.13281236 1.75000000 1.34675625
v -0.13281236 1.75000000 1.25300625
v -0.22656236 1.75000000 1.25300625
vt 0.30859375 0.51562500
vt 0.30078125 0.51562500
vt 0.30078125 0.50781250
vt 0.30859375 0.50781250
f 1237/1237 1238/1238 1239/1239 1240/1240
g bone10_down
v -0.22656236 1.31250000 1.25300625
v -0.13281236 1.31250000 1.25300625
v -0.13281236 1.31250000 1.34675625
v -0.22656236 1.31250000 1.34675625
vt 0.41406250 0.50390625
vt 0.40625000 0.50390625
vt 0.40625000 0.51171875
vt 0.41406250 0.51171875
f 1241/1241 1242/1242 1243/1243 1244/1244
g bone10_north
v -0.33593736 1.06250000 1.14363125
v -0.02343736 1.06250000 1.14363125
v -0.02343736 0.39062500 1.14363125
v -0.33593736 0.39062500 1.14363125
vt 0.14843750 0.56250000
vt 0.12890625 0.56250000
vt 0.12890625 0.50390625
vt 0.14843750 0.50390625
f 1245/1245 1246/1246 1247/1247 1248/1248
g bone10_east
v -0.02343736 1.06250000 1.14363125
v -0.02343736 1.06250000 1.45613125
v -0.02343736 0.39062500 1.45613125
v -0.02343736 0.39062500 1.14363125
vt 0.16796875 0.56250000
vt 0.14843750 0.56250000
vt 0.14843750 0.50390625
vt 0.16796875 0.50390625
f 1249/1249 1250/1250 1251/1251 1252/1252
g bone10_south
v -0.02343736 1.06250000 1.45613125
v -0.33593736 1.06250000 1.45613125
v -0.33593736 0.39062500 1.45613125
v -0.02343736 0.39062500 1.45613125
vt 0.46093750 0.94531250
vt 0.44140625 0.94531250
vt 0.44140625 0.88671875
vt 0.46093750 0.88671875
f 1253/1253 1254/1254 1255/1255 1256/1256
g bone10_west
v -0.33593736 1.06250000 1.45613125
v -0.33593736 1.06250000 1.14363125
v -0.33593736 0.39062500 1.14363125
v -0.33593736 0.39062500 1.45613125
vt 0.43359375 0.55859375
vt 0.41406250 0.55859375
vt 0.41406250 0.50000000
vt 0.43359375 0.50000000
f 1257/1257 1258/1258 1259/1259 1260/1260
g bone10_up
v -0.33593736 1.06250000 1.45613125
v -0.02343736 1.06250000 1.45613125
v -0.02343736 1.06250000 1.14363125
v -0.33593736 1.06250000 1.14363125
vt 0.60546875 0.54296875
vt 0.58593750 0.54296875
vt 0.58593750 0.52343750
vt 0.60546875 0.52343750
f 1261/1261 1262/1262 1263/1263 1264/1264
g bone10_down
v -0.33593736 0.39062500 1.14363125
v -0.02343736 0.39062500 1.14363125
v -0.02343736 0.39062500 1.45613125
v -0.33593736 0.39062500 1.45613125
vt 0.60546875 0.50390625
vt 0.58593750 0.50390625
vt 0.58593750 0.52343750
vt 0.60546875 0.52343750
f 1265/1265 1266/1266 1267/1267 1268/1268
g bone10_north
v -0.33593736 1.40625000 1.14363125
v -0.02343736 1.40625000 1.14363125
v -0.02343736 1.31250000 1.14363125
v -0.33593736 1.31250000 1.14363125
vt 0.62109375 0.45703125
vt 0.60156250 0.45703125
vt 0.60156250 0.44921875
vt 0.62109375 0.44921875
f 1269/1269 1270/1270 1271/1271 1272/1272
g bone10_east
v -0.02343736 1.40625000 1.14363125
v -0.02343736 1.40625000 1.45613125
v -0.02343736 1.31250000 1.45613125
v -0.02343736 1.31250000 1.14363125
vt 0.62109375 0.44921875
vt 0.60156250 0.44921875
vt 0.60156250 0.44140625
vt 0.62109375 0.44140625
f 1273/1273 1274/1274 1275/1275 1276/1276
g bone10_south
v -0.02343736 1.40625000 1.45613125
v -0.33593736 1.40625000 1.45613125
v -0.33593736 1.31250000 1.45613125
v -0.02343736 1.31250000 1.45613125
vt 0.62109375 0.44140625
vt 0.60156250 0.44140625
vt 0.60156250 0.43359375
vt 0.62109375 0.43359375
f 1277/1277 1278/1278 1279/1279 1280/1280
g bone10_west
v -0.33593736 1.40625000 1.45613125
v -0.33593736 1.40625000 1.14363125
v -0.33593736 1.31250000 1.14363125
v -0.33593736 1.31250000 1.45613125
vt 0.62109375 0.43359375
vt 0.60156250 0.43359375
vt 0.60156250 0.42578125
vt 0.62109375 0.42578125
f 1281/1281 1282/1282 1283/1283 1284/1284
g bone10_up
v -0.33593736 1.40625000 1.45613125
v -0.02343736 1.40625000 1.45613125
v -0.02343736 1.40625000 1.14363125
v -0.33593736 1.40625000 1.14363125
vt 0.60546875 0.56250000
vt 0.58593750 0.56250000
vt 0.58593750 0.54296875
vt 0.60546875 0.54296875
f 1285/1285 1286/1286 1287/1287 1288/1288
g bone10_down
v -0.33593736 1.31250000 1.14363125
v -0.02343736 1.31250000 1.14363125
v -0.02343736 1.31250000 1.45613125
v -0.33593736 1.31250000 1.45613125
vt 0.47265625 0.39453125
vt 0.45312500 0.39453125
vt 0.45312500 0.41406250
vt 0.47265625 0.41406250
f 1289/1289 1290/1290 1291/1291 1292/1292
g bone10_north
v -0.28906236 1.31250000 1.19050625
v -0.07031236 1.31250000 1.19050625
v -0.07031236 0.56250000 1.19050625
v -0.28906236 0.56250000 1.19050625
vt 0.39453125 0.44921875
vt 0.38281250 0.44921875
vt 0.38281250 0.40234375
vt 0.39453125 0.40234375
f 1293/1293 1294/1294 1295/1295 1296/1296
g bone10_east
v -0.07031236 1.31250000 1.19050625
v -0.07031236 1.31250000 1.40925625
v -0.07031236 0.56250000 1.40925625
v -0.07031236 0.56250000 1.19050625
vt 0.56250000 0.47265625
vt 0.55078125 0.47265625
vt 0.55078125 0.42578125
vt 0.56250000 0.42578125
f 1297/1297 1298/1298 1299/1299 1300/1300
g bone10_south
v -0.07031236 1.31250000 1.40925625
v -0.28906236 1.31250000 1.40925625
v -0.28906236 0.56250000 1.40925625
v -0.07031236 0.56250000 1.40925625
vt 0.56640625 0.69140625
vt 0.55468750 0.69140625
vt 0.55468750 0.64453125
vt 0.56640625 0.64453125
f 1301/1301 1302/1302 1303/1303 1304/1304
g bone10_west
v -0.28906236 1.31250000 1.40925625
v -0.28906236 1.31250000 1.19050625
v -0.28906236 0.56250000 1.19050625
v -0.28906236 0.56250000 1.40925625
vt 0.56640625 0.64453125
vt 0.55468750 0.64453125
vt 0.55468750 0.59765625
vt 0.56640625 0.59765625
f 1305/1305 1306/1306 1307/1307 1308/1308
g bone10_up
v -0.28906236 1.31250000 1.40925625
v -0.07031236 1.31250000 1.40925625
v -0.07031236 1.31250000 1.19050625
v -0.28906236 1.31250000 1.19050625
vt 0.61718750 0.75390625
vt 0.60546875 0.75390625
vt 0.60546875 0.74218750
vt 0.61718750 0.74218750
f 1309/1309 1310/1310 1311/1311 1312/1312
g bone10_down
v -0.28906236 0.56250000 1.19050625
v -0.07031236 0.56250000 1.19050625
v -0.07031236 0.56250000 1.40925625
v -0.28906236 0.56250000 1.40925625
vt 0.61718750 0.69140625
vt 0.60546875 0.69140625
vt 0.60546875 0.70312500
vt 0.61718750 0.70312500
f 1313/1313 1314/1314 1315/1315 1316/1316
g bone11_north
v -0.22656236 1.75000000 0.90925625
v -0.13281236 1.75000000 0.90925625
v -0.13281236 1.31250000 0.90925625
v -0.22656236 1.31250000 0.90925625
vt 0.02343750 0.40234375
vt 0.01562500 0.40234375
vt 0.01562500 0.37500000
vt 0.02343750 0.37500000
f 1317/1317 1318/1318 1319/1319 1320/1320
g bone11_east
v -0.13281236 1.75000000 0.90925625
v -0.13281236 1.75000000 1.00300625
v -0.13281236 1.31250000 1.00300625
v -0.13281236 1.31250000 0.90925625
vt 0.03125000 0.40234375
vt 0.02343750 0.40234375
vt 0.02343750 0.37500000
vt 0.03125000 0.37500000
f 1321/1321 1322/1322 1323/1323 1324/1324
g bone11_south
v -0.13281236 1.75000000 1.00300625
v -0.22656236 1.75000000 1.00300625
v -0.22656236 1.31250000 1.00300625
v -0.13281236 1.31250000 1.00300625
vt 0.03906250 0.40234375
vt 0.03125000 0.40234375
vt 0.03125000 0.37500000
vt 0.03906250 0.37500000
f 1325/1325 1326/1326 1327/1327 1328/1328
g bone11_west
v -0.22656236 1.75000000 1.00300625
v -0.22656236 1.75000000 0.90925625
v -0.22656236 1.31250000 0.90925625
v -0.22656236 1.31250000 1.00300625
vt 0.04687500 0.40234375
vt 0.03906250 0.40234375
vt 0.03906250 0.37500000
vt 0.04687500 0.37500000
f 1329/1329 1330/1330 1331/1331 1332/1332
g bone11_up
v -0.22656236 1.75000000 1.00300625
v -0.13281236 1.75000000 1.00300625
v -0.13281236 1.75000000 0.90925625
v -0.22656236 1.75000000 0.90925625
vt 0.30859375 0.51562500
vt 0.30078125 0.51562500
vt 0.30078125 0.50781250
vt 0.30859375 0.50781250
f 1333/1333 1334/1334 1335/1335 1336/1336
g bone11_down
v -0.22656236 1.31250000 0.90925625
v -0.13281236 1.31250000 0.90925625
v -0.13281236 1.31250000 1.00300625
v -0.22656236 1.31250000 1.00300625
vt 0.41406250 0.50390625
vt 0.40625000 0.50390625
vt 0.40625000 0.51171875
vt 0.41406250 0.51171875
f 1337/1337 1338/1338 1339/1339 1340/1340
g bone11_north
v -0.33593736 1.06250000 0.79988125
v -0.02343736 1.06250000 0.79988125
v -0.02343736 0.39062500 0.79988125
v -0.33593736 0.39062500 0.79988125
vt 0.14843750 0.56250000
vt 0.12890625 0.56250000
vt 0.12890625 0.50390625
vt 0.14843750 0.50390625
f 1341/1341 1342/1342 1343/1343 1344/1344
g bone11_east
v -0.02343736 1.06250000 0.79988125
v -0.02343736 1.06250000 1.11238125
v -0.02343736 0.39062500 1.11238125
v -0.02343736 0.39062500 0.79988125
vt 0.16796875 0.56250000
vt 0.14843750 0.56250000
vt 0.14843750 0.50390625
vt 0.16796875 0.50390625
f 1345/1345 1346/1346 1347/1347 1348/1348
g bone11_south
v -0.02343736 1.06250000 1.11238125
v -0.33593736 1.06250000 1.11238125
v -0.33593736 0.39062500 1.11238125
v -0.02343736 0.39062500 1.11238125
vt 0.46093750 0.94531250
vt 0.44140625 0.94531250
vt 0.44140625 0.88671875
vt 0.46093750 0.88671875
f 1349/1349 1350/1350 1351/1351 1352/1352
g bone11_west
v -0.33593736 1.06250000 1.11238125
v -0.33593736 1.06250000 0.79988125
v -0.33593736 0.39062500 0.79988125
v -0.33593736 0.39062500 1.11238125
vt 0.43359375 0.55859375
vt 0.41406250 0.55859375
vt 0.41406250 0.50000000
vt 0.43359375 0.50000000
f 1353/1353 1354/1354 1355/1355 1356/1356
g bone11_up
v -0.33593736 1.06250000 1.11238125
v -0.02343736 1.06250000 1.11238125
v -0.02343736 1.06250000 0.79988125
v -0.33593736 1.06250000 0.79988125
vt 0.60546875 0.54296875
vt 0.58593750 0.54296875
vt 0.58593750 0.52343750
vt 0.60546875 0.52343750
f 1357/1357 1358/1358 1359/1359 1360/1360
g bone11_down
v -0.33593736 0.39062500 0.79988125
v -0.02343736 0.39062500 0.79988125
v -0.02343736 0.39062500 1.11238125
v -0.33593736 0.39062500 1.11238125
vt 0.60546875 0.50390625
vt 0.58593750 0.50390625
vt 0.58593750 0.52343750
vt 0.60546875 0.52343750
f 1361/1361 1362/1362 1363/1363 1364/1364
g bone11_north
v -0.33593736 1.40625000 0.79988125
v -0.02343736 1.40625000 0.79988125
v -0.02343736 1.31250000 0.79988125
v -0.33593736 1.31250000 0.79988125
vt 0.62109375 0.45703125
vt 0.60156250 0.45703125
vt 0.60156250 0.44921875
vt 0.62109375 0.44921875
f 1365/1365 1366/1366 1367/1367 1368/1368
g bone11_east
v -0.02343736 1.40625000 0.79988125
v -0.02343736 1.40625000 1.11238125
v -0.02343736 1.31250000 1.11238125
v -0.02343736 1.31250000 0.79988125
vt 0.62109375 0.44921875
vt 0.60156250 0.44921875
vt 0.60156250 0.44140625
vt 0.62109375 0.44140625
f 1369/1369 1370/1370 1371/1371 1372/1372
g bone11_south
v -0.02343736 1.40625000 1.11238125
v -0.33593736 1.40625000 1.11238125
v -0.33593736 1.31250000 1.11238125
v -0.02343736 1.31250000 1.11238125
vt 0.62109375 0.44140625
vt 0.60156250 0.44140625
vt 0.60156250 0.43359375
vt 0.62109375 0.43359375
f 1373/1373 1374/1374 1375/1375 1376/1376
g bone11_west
v -0.33593736 1.40625000 1.11238125
v -0.33593736 1.40625000 0.79988125
v -0.33593736 1.31250000 0.79988125
v -0.33593736 1.31250000 1.11238125
vt 0.62109375 0.43359375
vt 0.60156250 0.43359375
vt 0.60156250 0.42578125
vt 0.62109375 0.42578125
f 1377/1377 1378/1378 1379/1379 1380/1380
g bone11_up
v -0.33593736 1.40625000 1.11238125
v -0.02343736 1.40625000 1.11238125
v -0.02343736 1.40625000 0.79988125
v -0.33593736 1.40625000 0.79988125
vt 0.60546875 0.56250000
vt 0.58593750 0.56250000
vt 0.58593750 0.54296875
vt 0.60546875 0.54296875
f 1381/1381 1382/1382 1383/1383 1384/1384
g bone11_down
v -0.33593736 1.31250000 0.79988125
v -0.02343736 1.31250000 0.79988125
v -0.02343736 1.31250000 1.11238125
v -0.33593736 1.31250000 1.11238125
vt 0.47265625 0.39453125
vt 0.45312500 0.39453125
vt 0.45312500 0.41406250
vt 0.47265625 0.41406250
f 1385/1385 1386/1386 1387/1387 1388/1388
g bone11_north
v -0.28906236 1.31250000 0.84675625
v -0.07031236 1.31250000 0.84675625
v -0.07031236 0.56250000 0.84675625
v -0.28906236 0.56250000 0.84675625
vt 0.39453125 0.44921875
vt 0.38281250 0.44921875
vt 0.38281250 0.40234375
vt 0.39453125 0.40234375
f 1389/1389 1390/1390 1391/1391 1392/1392
g bone11_east
v -0.07031236 1.31250000 0.84675625
v -0.07031236 1.31250000 1.06550625
v -0.07031236 0.56250000 1.06550625
v -0.07031236 0.56250000 0.84675625
vt 0.56250000 0.47265625
vt 0.55078125 0.47265625
vt 0.55078125 0.42578125
vt 0.56250000 0.42578125
f 1393/1393 1394/1394 1395/1395 1396/1396
g bone11_south
v -0.07031236 1.31250000 1.06550625
v -0.28906236 1.31250000 1.06550625
v -0.28906236 0.56250000 1.06550625
v -0.07031236 0.56250000 1.06550625
vt 0.56640625 0.69140625
vt 0.55468750 0.69140625
vt 0.55468750 0.64453125
vt 0.56640625 0.64453125
f 1397/1397 1398/1398 1399/1399 1400/1400
g bone11_west
v -0.28906236 1.31250000 1.06550625
v -0.28906236 1.31250000 0.84675625
v -0.28906236 0.56250000 0.84675625
v -0.28906236 0.56250000 1.06550625
vt 0.56640625 0.64453125
vt 0.55468750 0.64453125
vt 0.55468750 0.59765625
vt 0.56640625 0.59765625
f 1401/1401 1402/1402 1403/1403 1404/1404
g bone11_up
v -0.28906236 1.31250000 1.06550625
v -0.07031236 1.31250000 1.06550625
v -0.07031236 1.31250000 0.84675625
v -0.28906236 1.31250000 0.84675625
vt 0.61718750 0.75390625
vt 0.60546875 0.75390625
vt 0.60546875 0.74218750
vt 0.61718750 0.74218750
f 1405/1405 1406/1406 1407/1407 1408/1408
g bone11_down
v -0.28906236 0.56250000 0.84675625
v -0.07031236 0.56250000 0.84675625
v -0.07031236 0.56250000 1.06550625
v -0.28906236 0.56250000 1.06550625
vt 0.61718750 0.69140625
vt 0.60546875 0.69140625
vt 0.60546875 0.70312500
vt 0.61718750 0.70312500
f 1409/1409 1410/1410 1411/1411 1412/1412
